system:index,id,mode,.geo
0,5604,52.0,"{""type"":""Point"",""coordinates"":[-118.61132586391032,35.02518830366585]}"
1,5605,81.0,"{""type"":""Point"",""coordinates"":[-118.30186406894477,34.68661432571344]}"
2,5606,81.0,"{""type"":""Point"",""coordinates"":[-118.30186191747967,34.686612380441765]}"
3,5607,24.0,"{""type"":""Point"",""coordinates"":[-118.03479304083372,34.0530937938462]}"
4,5608,24.0,"{""type"":""Point"",""coordinates"":[-116.12368011236987,34.149443833359136]}"
5,5609,52.0,"{""type"":""Point"",""coordinates"":[-116.14998883558118,34.14941489317137]}"
6,5610,71.0,"{""type"":""Point"",""coordinates"":[-116.37429897160163,34.13087297861653]}"
7,5611,52.0,"{""type"":""Point"",""coordinates"":[-116.25270823501288,34.14524957409268]}"
8,5612,52.0,"{""type"":""Point"",""coordinates"":[-116.31637301065167,34.1168188181335]}"
9,5613,21.0,"{""type"":""Point"",""coordinates"":[-116.08274921173152,34.14851936031334]}"
10,5614,23.0,"{""type"":""Point"",""coordinates"":[-117.20629915706525,33.71125583827595]}"
11,5615,23.0,"{""type"":""Point"",""coordinates"":[-117.18129202767335,33.68494704382697]}"
12,5616,52.0,"{""type"":""Point"",""coordinates"":[-116.71355173782894,35.243150090831385]}"
13,5617,23.0,"{""type"":""Point"",""coordinates"":[-117.20551138037558,34.08091057331091]}"
14,5618,23.0,"{""type"":""Point"",""coordinates"":[-117.2238561891493,34.077918111354926]}"
15,5619,24.0,"{""type"":""Point"",""coordinates"":[-117.25374110094882,34.07921666929955]}"
16,5620,71.0,"{""type"":""Point"",""coordinates"":[-119.33823295788159,34.34816781173192]}"
17,5621,52.0,"{""type"":""Point"",""coordinates"":[-118.43922267595964,37.760544274691284]}"
18,5622,52.0,"{""type"":""Point"",""coordinates"":[-117.68110497982588,35.003076673256835]}"
19,5623,52.0,"{""type"":""Point"",""coordinates"":[-117.91658054128247,35.085745462455]}"
20,5624,52.0,"{""type"":""Point"",""coordinates"":[-117.88376576290224,34.997887236105264]}"
21,5625,11.0,"{""type"":""Point"",""coordinates"":[-114.5472306283935,33.71091542831427]}"
22,5626,82.0,"{""type"":""Point"",""coordinates"":[-114.58828100403814,33.66726079014544]}"
23,5627,82.0,"{""type"":""Point"",""coordinates"":[-114.56686186356777,33.63205581546469]}"
24,5628,23.0,"{""type"":""Point"",""coordinates"":[-114.59045019043398,33.615860257744714]}"
25,5629,82.0,"{""type"":""Point"",""coordinates"":[-114.64381463258307,33.59572708369098]}"
26,5630,52.0,"{""type"":""Point"",""coordinates"":[-114.67992152746524,33.61048491798332]}"
27,5631,21.0,"{""type"":""Point"",""coordinates"":[-117.23631472051234,33.801133641462435]}"
28,5632,52.0,"{""type"":""Point"",""coordinates"":[-116.65964130336023,34.90370633477142]}"
29,5633,52.0,"{""type"":""Point"",""coordinates"":[-116.76731311941312,34.89198224581569]}"
30,5634,21.0,"{""type"":""Point"",""coordinates"":[-116.79445231696394,34.91138485922537]}"
31,5635,52.0,"{""type"":""Point"",""coordinates"":[-117.33266664317651,34.71247290039305]}"
32,5636,52.0,"{""type"":""Point"",""coordinates"":[-117.28646238500424,34.764679531240915]}"
33,5637,52.0,"{""type"":""Point"",""coordinates"":[-117.18217557766401,34.82422590397193]}"
34,5638,52.0,"{""type"":""Point"",""coordinates"":[-117.80700349209968,35.64925979807499]}"
35,5639,23.0,"{""type"":""Point"",""coordinates"":[-117.67823973640532,35.62330252644336]}"
36,5640,24.0,"{""type"":""Point"",""coordinates"":[-118.21561079972922,33.7781211018006]}"
37,5641,23.0,"{""type"":""Point"",""coordinates"":[-117.54591299645428,34.09821737244441]}"
38,5642,21.0,"{""type"":""Point"",""coordinates"":[-118.70770421970552,34.08364729855342]}"
39,5643,22.0,"{""type"":""Point"",""coordinates"":[-117.25509616173979,33.5842616854169]}"
40,5645,23.0,"{""type"":""Point"",""coordinates"":[-119.33838768582241,36.21065400469912]}"
41,5646,22.0,"{""type"":""Point"",""coordinates"":[-118.37361411335584,34.00010242654895]}"
42,5647,24.0,"{""type"":""Point"",""coordinates"":[-118.34551378756433,34.188215979811254]}"
43,5648,23.0,"{""type"":""Point"",""coordinates"":[-118.34475747000967,34.186585979346134]}"
44,5649,23.0,"{""type"":""Point"",""coordinates"":[-118.34671092966103,34.18483333349766]}"
45,5650,21.0,"{""type"":""Point"",""coordinates"":[-118.34605441572612,34.185551089842505]}"
46,5651,42.0,"{""type"":""Point"",""coordinates"":[-118.1001831136421,37.42712049228023]}"
47,5652,52.0,"{""type"":""Point"",""coordinates"":[-118.07910697513701,37.42224658016667]}"
48,5653,52.0,"{""type"":""Point"",""coordinates"":[-118.18764534361505,37.414139215862036]}"
49,5654,42.0,"{""type"":""Point"",""coordinates"":[-118.26983505525108,37.40507439172112]}"
50,5655,52.0,"{""type"":""Point"",""coordinates"":[-117.92577638486605,37.44972046177446]}"
51,5656,71.0,"{""type"":""Point"",""coordinates"":[-119.30580990399675,37.20026544054707]}"
52,5657,52.0,"{""type"":""Point"",""coordinates"":[-118.4006195249621,33.38213185693286]}"
53,5658,23.0,"{""type"":""Point"",""coordinates"":[-117.61902285185708,33.9695377750784]}"
54,5659,21.0,"{""type"":""Point"",""coordinates"":[-118.81097110184444,35.194687348895776]}"
55,5660,52.0,"{""type"":""Point"",""coordinates"":[-117.95437163995197,36.0935291212027]}"
56,5661,52.0,"{""type"":""Point"",""coordinates"":[-118.3121243274794,34.86444609243603]}"
57,5662,22.0,"{""type"":""Point"",""coordinates"":[-117.33342224043777,33.97253318396676]}"
58,5663,52.0,"{""type"":""Point"",""coordinates"":[-117.33359772396567,33.97178423590006]}"
59,5664,23.0,"{""type"":""Point"",""coordinates"":[-117.37178812166731,33.975042486568086]}"
60,5665,52.0,"{""type"":""Point"",""coordinates"":[-118.48982380283398,37.328492537163726]}"
61,5666,21.0,"{""type"":""Point"",""coordinates"":[-118.87787938458686,36.45948783591993]}"
62,5667,23.0,"{""type"":""Point"",""coordinates"":[-118.10646680858066,33.78210751760901]}"
63,5668,23.0,"{""type"":""Point"",""coordinates"":[-118.11017143155269,33.781527764086746]}"
64,5669,23.0,"{""type"":""Point"",""coordinates"":[-117.68993437245923,33.98338233210179]}"
65,5670,24.0,"{""type"":""Point"",""coordinates"":[-118.23181582154379,33.81505254197841]}"
66,5671,52.0,"{""type"":""Point"",""coordinates"":[-117.45275512924157,33.85745441719374]}"
67,5672,22.0,"{""type"":""Point"",""coordinates"":[-117.51712489482789,33.83348522545392]}"
68,5673,52.0,"{""type"":""Point"",""coordinates"":[-117.68893403730257,34.128691099572094]}"
69,5674,24.0,"{""type"":""Point"",""coordinates"":[-117.95537963818478,33.641388428750886]}"
70,5675,23.0,"{""type"":""Point"",""coordinates"":[-119.24699384668799,34.207557203379174]}"
71,5676,22.0,"{""type"":""Point"",""coordinates"":[-117.42932300265304,34.07571000591932]}"
72,5678,24.0,"{""type"":""Point"",""coordinates"":[-117.97617523816035,33.84750190549829]}"
73,5679,23.0,"{""type"":""Point"",""coordinates"":[-117.97959772850791,33.81409958595564]}"
74,5680,24.0,"{""type"":""Point"",""coordinates"":[-117.97552144644928,33.8176416907594]}"
75,5681,23.0,"{""type"":""Point"",""coordinates"":[-117.97402614963546,33.83950376581121]}"
76,5682,24.0,"{""type"":""Point"",""coordinates"":[-117.91213628038925,33.85611988528769]}"
77,5683,24.0,"{""type"":""Point"",""coordinates"":[-117.89782801947665,33.81087726672018]}"
78,5684,22.0,"{""type"":""Point"",""coordinates"":[-117.83142968624703,33.874202643470255]}"
79,5685,31.0,"{""type"":""Point"",""coordinates"":[-114.81142814885607,33.577629205072384]}"
80,5687,52.0,"{""type"":""Point"",""coordinates"":[-115.18275428165812,33.6416274544138]}"
81,5688,52.0,"{""type"":""Point"",""coordinates"":[-116.08755850549723,33.7441925885345]}"
82,5689,52.0,"{""type"":""Point"",""coordinates"":[-116.88754010066368,33.874865953170826]}"
83,5690,24.0,"{""type"":""Point"",""coordinates"":[-117.89830046747552,33.8109639749988]}"
84,5691,52.0,"{""type"":""Point"",""coordinates"":[-117.34117428272988,34.03669584580595]}"
85,5692,21.0,"{""type"":""Point"",""coordinates"":[-117.33091405776007,34.010177791136584]}"
86,5693,81.0,"{""type"":""Point"",""coordinates"":[-117.34176624970053,33.97177390643025]}"
87,5694,71.0,"{""type"":""Point"",""coordinates"":[-117.7600671606841,33.87165600100741]}"
88,5695,71.0,"{""type"":""Point"",""coordinates"":[-117.79826364365033,33.858259315912704]}"
89,5696,23.0,"{""type"":""Point"",""coordinates"":[-118.20163008607534,33.990275820684886]}"
90,5697,24.0,"{""type"":""Point"",""coordinates"":[-118.21938711897897,33.986955448501035]}"
91,5698,24.0,"{""type"":""Point"",""coordinates"":[-118.22218240046799,33.99671510456409]}"
92,5699,24.0,"{""type"":""Point"",""coordinates"":[-118.20567136232938,34.012032992314644]}"
93,5700,23.0,"{""type"":""Point"",""coordinates"":[-118.2073970666179,33.983415294828]}"
94,5701,23.0,"{""type"":""Point"",""coordinates"":[-117.32702886111784,34.08584077498293]}"
95,5702,52.0,"{""type"":""Point"",""coordinates"":[-116.72357038221523,33.726459011962646]}"
96,5703,24.0,"{""type"":""Point"",""coordinates"":[-117.56380549899653,33.88305745895495]}"
97,5704,22.0,"{""type"":""Point"",""coordinates"":[-118.22760676535262,34.19626781802539]}"
98,5705,52.0,"{""type"":""Point"",""coordinates"":[-116.84334112265633,34.340462265347846]}"
99,5706,71.0,"{""type"":""Point"",""coordinates"":[-116.97837659511221,34.14133191084722]}"
100,5707,42.0,"{""type"":""Point"",""coordinates"":[-117.08242943714643,34.177267585812814]}"
101,5708,42.0,"{""type"":""Point"",""coordinates"":[-117.05739623396201,34.14914447758964]}"
102,5709,52.0,"{""type"":""Point"",""coordinates"":[-116.82487125058879,34.32337226057697]}"
103,5710,42.0,"{""type"":""Point"",""coordinates"":[-117.24868503340473,34.235067149886454]}"
104,5711,52.0,"{""type"":""Point"",""coordinates"":[-117.14538231283193,34.22882509949335]}"
105,5712,71.0,"{""type"":""Point"",""coordinates"":[-116.95862006419934,34.093499622034074]}"
106,5713,52.0,"{""type"":""Point"",""coordinates"":[-116.82540505359552,33.725324168555886]}"
107,5714,71.0,"{""type"":""Point"",""coordinates"":[-118.21618683050863,35.30708446114761]}"
108,5715,71.0,"{""type"":""Point"",""coordinates"":[-118.22544704774329,35.270844326888046]}"
109,5716,52.0,"{""type"":""Point"",""coordinates"":[-114.81132798371692,33.6003977690537]}"
110,5719,23.0,"{""type"":""Point"",""coordinates"":[-116.50462411371055,33.93260878403535]}"
111,5720,52.0,"{""type"":""Point"",""coordinates"":[-114.93461547846792,33.62026919914445]}"
112,5721,52.0,"{""type"":""Point"",""coordinates"":[-116.73449073125202,33.91745545357566]}"
113,5722,52.0,"{""type"":""Point"",""coordinates"":[-116.55489485753473,33.9023358736378]}"
114,5723,52.0,"{""type"":""Point"",""coordinates"":[-116.37094916700303,33.82494589463313]}"
115,5724,71.0,"{""type"":""Point"",""coordinates"":[-118.34971350558675,34.94510041932083]}"
116,5725,52.0,"{""type"":""Point"",""coordinates"":[-118.43649363192789,34.85236169273306]}"
117,5726,52.0,"{""type"":""Point"",""coordinates"":[-118.43647406437144,34.85213646591136]}"
118,5727,52.0,"{""type"":""Point"",""coordinates"":[-118.36779206706079,34.75974023869033]}"
119,5728,52.0,"{""type"":""Point"",""coordinates"":[-118.43614111992954,34.852462238127195]}"
120,5729,52.0,"{""type"":""Point"",""coordinates"":[-118.43610440663144,34.85229489936744]}"
121,5730,52.0,"{""type"":""Point"",""coordinates"":[-118.2087356270587,34.58548966460822]}"
122,5731,71.0,"{""type"":""Point"",""coordinates"":[-118.21741834210198,34.58359711631691]}"
123,5732,52.0,"{""type"":""Point"",""coordinates"":[-118.04766703900306,34.31454310944681]}"
124,5733,52.0,"{""type"":""Point"",""coordinates"":[-118.04695488750676,34.31465814566239]}"
125,5734,82.0,"{""type"":""Point"",""coordinates"":[-117.95922821406694,34.130903739706625]}"
126,5735,21.0,"{""type"":""Point"",""coordinates"":[-117.62116925861116,34.00105264510307]}"
127,5737,52.0,"{""type"":""Point"",""coordinates"":[-115.2475029226981,35.68291732015921]}"
128,5738,52.0,"{""type"":""Point"",""coordinates"":[-116.08995059013519,34.21754700709032]}"
129,5739,31.0,"{""type"":""Point"",""coordinates"":[-116.10502340756584,34.172496529673516]}"
130,5740,24.0,"{""type"":""Point"",""coordinates"":[-116.13903350294264,34.20287741766789]}"
131,5741,24.0,"{""type"":""Point"",""coordinates"":[-117.83613020051013,34.022794142030484]}"
132,5746,31.0,"{""type"":""Point"",""coordinates"":[-115.70289309453791,32.68401717274218]}"
133,5747,31.0,"{""type"":""Point"",""coordinates"":[-115.04844589779869,32.74642744764419]}"
134,5748,82.0,"{""type"":""Point"",""coordinates"":[-114.43124755514837,32.75293445316862]}"
135,5749,31.0,"{""type"":""Point"",""coordinates"":[-115.70242017845983,32.684322237157495]}"
136,5750,31.0,"{""type"":""Point"",""coordinates"":[-115.70340486355492,32.68382424882473]}"
137,5751,22.0,"{""type"":""Point"",""coordinates"":[-117.65515532529503,33.5266440278021]}"
138,5752,52.0,"{""type"":""Point"",""coordinates"":[-117.61164379843771,33.5121882576856]}"
139,5753,52.0,"{""type"":""Point"",""coordinates"":[-117.64435340745567,33.50644699963586]}"
140,5754,21.0,"{""type"":""Point"",""coordinates"":[-116.33209515311982,32.66284809307874]}"
141,5755,23.0,"{""type"":""Point"",""coordinates"":[-116.95211329883448,32.62591959077443]}"
142,5756,24.0,"{""type"":""Point"",""coordinates"":[-116.91154565207982,32.57425709653654]}"
143,5757,71.0,"{""type"":""Point"",""coordinates"":[-116.90978608874829,32.57452425709351]}"
144,5758,24.0,"{""type"":""Point"",""coordinates"":[-116.91144050551729,32.57400600511414]}"
145,5759,,"{""type"":""Point"",""coordinates"":[-116.89432713642225,32.54602694601939]}"
146,5760,23.0,"{""type"":""Point"",""coordinates"":[-117.03033693587064,32.62948850258806]}"
147,5761,24.0,"{""type"":""Point"",""coordinates"":[-117.14339075927404,32.69595230246252]}"
148,5762,24.0,"{""type"":""Point"",""coordinates"":[-117.14334603207652,32.69593764946905]}"
149,5763,23.0,"{""type"":""Point"",""coordinates"":[-117.11114167284883,32.658736292344656]}"
150,5764,23.0,"{""type"":""Point"",""coordinates"":[-117.16428017556917,32.77466303568642]}"
151,5765,23.0,"{""type"":""Point"",""coordinates"":[-117.18478110455042,32.82921652408771]}"
152,5766,21.0,"{""type"":""Point"",""coordinates"":[-117.13914846578244,32.7856744730995]}"
153,5767,21.0,"{""type"":""Point"",""coordinates"":[-117.13910064174911,32.78555638338491]}"
154,5768,23.0,"{""type"":""Point"",""coordinates"":[-116.92778519548155,32.802659226417674]}"
155,5769,22.0,"{""type"":""Point"",""coordinates"":[-116.94898101761673,32.87503162452212]}"
156,5770,52.0,"{""type"":""Point"",""coordinates"":[-117.0164787811472,32.900550285785094]}"
157,5771,23.0,"{""type"":""Point"",""coordinates"":[-116.92766173098805,32.80216058996783]}"
158,5772,21.0,"{""type"":""Point"",""coordinates"":[-117.0760974514843,32.82619889202273]}"
159,5773,52.0,"{""type"":""Point"",""coordinates"":[-117.0382773545505,32.86694273294102]}"
160,5774,22.0,"{""type"":""Point"",""coordinates"":[-117.08801019163327,32.81541263588442]}"
161,5775,21.0,"{""type"":""Point"",""coordinates"":[-117.11080656294622,32.79712752923156]}"
162,5776,52.0,"{""type"":""Point"",""coordinates"":[-117.07557077168295,32.82622800983749]}"
163,5777,23.0,"{""type"":""Point"",""coordinates"":[-117.13791274689589,32.78644047121801]}"
164,5778,23.0,"{""type"":""Point"",""coordinates"":[-117.13772732903946,32.78587510303126]}"
165,5779,52.0,"{""type"":""Point"",""coordinates"":[-117.02346505590586,32.856262503284896]}"
166,5780,22.0,"{""type"":""Point"",""coordinates"":[-117.01258961550225,32.854924805741604]}"
167,5781,21.0,"{""type"":""Point"",""coordinates"":[-117.01258298368967,32.854798873499675]}"
168,5782,23.0,"{""type"":""Point"",""coordinates"":[-117.22283191112618,33.11842510119206]}"
169,5783,71.0,"{""type"":""Point"",""coordinates"":[-117.1553843557382,33.10147115835245]}"
170,5784,23.0,"{""type"":""Point"",""coordinates"":[-117.20807553212438,33.0951018673495]}"
171,5785,23.0,"{""type"":""Point"",""coordinates"":[-117.20807356664979,33.09510181194588]}"
172,5786,22.0,"{""type"":""Point"",""coordinates"":[-117.20727589861005,33.094516652422975]}"
173,5787,22.0,"{""type"":""Point"",""coordinates"":[-117.20647776389559,33.093931146954006]}"
174,5788,71.0,"{""type"":""Point"",""coordinates"":[-117.1273171305815,32.99791557916235]}"
175,5789,21.0,"{""type"":""Point"",""coordinates"":[-117.03209853812095,32.94877457219156]}"
176,5790,52.0,"{""type"":""Point"",""coordinates"":[-116.93494031269275,32.96103036595988]}"
177,5791,22.0,"{""type"":""Point"",""coordinates"":[-117.14811764317294,33.02287098089367]}"
178,5792,23.0,"{""type"":""Point"",""coordinates"":[-117.19813986586446,33.0016733705623]}"
179,5793,24.0,"{""type"":""Point"",""coordinates"":[-117.15630512753445,32.81440584416061]}"
180,5794,22.0,"{""type"":""Point"",""coordinates"":[-117.13962753239612,32.787174085384386]}"
181,5795,22.0,"{""type"":""Point"",""coordinates"":[-117.13970559836159,32.787119589192514]}"
182,5796,23.0,"{""type"":""Point"",""coordinates"":[-117.1915319963335,32.84077382104847]}"
183,5797,21.0,"{""type"":""Point"",""coordinates"":[-117.29855460449208,33.12841251507412]}"
184,5798,22.0,"{""type"":""Point"",""coordinates"":[-117.28825827542259,33.122573886476204]}"
185,5799,23.0,"{""type"":""Point"",""coordinates"":[-117.28792444753913,33.12242062257731]}"
186,5800,22.0,"{""type"":""Point"",""coordinates"":[-117.28818538387466,33.12233068362731]}"
187,5801,21.0,"{""type"":""Point"",""coordinates"":[-117.27029923688742,33.111386311692335]}"
188,5802,23.0,"{""type"":""Point"",""coordinates"":[-117.25120138127146,33.10098621865045]}"
189,5803,23.0,"{""type"":""Point"",""coordinates"":[-117.25092167901543,33.100795505203486]}"
190,5804,23.0,"{""type"":""Point"",""coordinates"":[-117.25033102933914,33.10062429061983]}"
191,5805,23.0,"{""type"":""Point"",""coordinates"":[-117.2286021369984,33.09589606563899]}"
192,5806,24.0,"{""type"":""Point"",""coordinates"":[-117.17844123838927,32.89988732748934]}"
193,5807,24.0,"{""type"":""Point"",""coordinates"":[-117.16889496585995,32.88428528761895]}"
194,5808,21.0,"{""type"":""Point"",""coordinates"":[-117.31355000132268,33.135373908580966]}"
195,5809,21.0,"{""type"":""Point"",""coordinates"":[-117.31347675315722,33.135187440569545]}"
196,5810,21.0,"{""type"":""Point"",""coordinates"":[-117.31176629303346,33.13508102194592]}"
197,5811,21.0,"{""type"":""Point"",""coordinates"":[-117.31182273059599,33.134995423456864]}"
198,5812,24.0,"{""type"":""Point"",""coordinates"":[-117.25966368253475,33.04859549338922]}"
199,5813,23.0,"{""type"":""Point"",""coordinates"":[-117.22101810529011,32.95865485544179]}"
200,5814,23.0,"{""type"":""Point"",""coordinates"":[-117.22095391167993,32.95850382359288]}"
201,5815,22.0,"{""type"":""Point"",""coordinates"":[-117.22147992237812,32.938289946581]}"
202,5816,52.0,"{""type"":""Point"",""coordinates"":[-117.2531273586275,33.02936151301505]}"
203,5817,21.0,"{""type"":""Point"",""coordinates"":[-117.24275348736373,33.3725013123264]}"
204,5818,23.0,"{""type"":""Point"",""coordinates"":[-117.33342511380977,33.13750486009033]}"
205,5819,23.0,"{""type"":""Point"",""coordinates"":[-117.33183622134591,33.1373877977986]}"
206,5820,24.0,"{""type"":""Point"",""coordinates"":[-117.33464765769088,33.13747830992463]}"
207,5821,24.0,"{""type"":""Point"",""coordinates"":[-117.33252700873143,33.1373674379622]}"
208,5822,52.0,"{""type"":""Point"",""coordinates"":[-117.32067670642013,33.13656196797025]}"
209,5823,52.0,"{""type"":""Point"",""coordinates"":[-117.32265488533166,33.136406969336264]}"
210,5824,23.0,"{""type"":""Point"",""coordinates"":[-117.31984170460099,33.17337072459872]}"
211,5825,52.0,"{""type"":""Point"",""coordinates"":[-117.4406586870638,33.30346549056901]}"
212,5826,23.0,"{""type"":""Point"",""coordinates"":[-117.3359711726362,33.2213970326224]}"
213,5827,23.0,"{""type"":""Point"",""coordinates"":[-117.33614748997071,33.221337298212255]}"
214,5828,21.0,"{""type"":""Point"",""coordinates"":[-117.33518898547025,33.213644767568496]}"
215,5829,52.0,"{""type"":""Point"",""coordinates"":[-117.43972208629928,33.30246894495821]}"
216,5830,22.0,"{""type"":""Point"",""coordinates"":[-117.33821479881468,33.2195754439773]}"
217,5831,22.0,"{""type"":""Point"",""coordinates"":[-117.33833334243279,33.219540035919465]}"
218,5832,21.0,"{""type"":""Point"",""coordinates"":[-117.33581129029295,33.21367714451865]}"
219,5833,81.0,"{""type"":""Point"",""coordinates"":[-117.56969944388361,33.410503862372224]}"
220,5834,81.0,"{""type"":""Point"",""coordinates"":[-117.5713918340223,33.41350067287889]}"
221,5835,23.0,"{""type"":""Point"",""coordinates"":[-117.09480306575192,32.618280691067476]}"
222,5836,52.0,"{""type"":""Point"",""coordinates"":[-117.21936005374145,32.916396124490866]}"
223,5837,23.0,"{""type"":""Point"",""coordinates"":[-117.32080843562706,33.166742992819806]}"
224,5838,71.0,"{""type"":""Point"",""coordinates"":[-117.30889470983773,33.13553753105608]}"
225,5839,22.0,"{""type"":""Point"",""coordinates"":[-117.31013823217992,33.13697963467769]}"
226,5840,52.0,"{""type"":""Point"",""coordinates"":[-117.32416679971578,33.13589159698863]}"
227,5841,52.0,"{""type"":""Point"",""coordinates"":[-117.30881157051542,33.135361156624604]}"
228,5842,71.0,"{""type"":""Point"",""coordinates"":[-117.30995907941285,33.13530547316776]}"
229,5843,21.0,"{""type"":""Point"",""coordinates"":[-117.3117467645995,33.135228951470694]}"
230,5844,52.0,"{""type"":""Point"",""coordinates"":[-117.03387345660833,32.92019760250009]}"
231,5845,52.0,"{""type"":""Point"",""coordinates"":[-117.64039134957908,33.66625877195109]}"
232,5846,23.0,"{""type"":""Point"",""coordinates"":[-117.64104693987979,33.66589720765146]}"
233,5847,23.0,"{""type"":""Point"",""coordinates"":[-117.64115869947793,33.66565319705172]}"
234,5848,23.0,"{""type"":""Point"",""coordinates"":[-117.64034964523302,33.66571999597024]}"
235,5849,52.0,"{""type"":""Point"",""coordinates"":[-117.63990145592109,33.665337117597744]}"
236,5850,23.0,"{""type"":""Point"",""coordinates"":[-117.60347728966899,33.46849218239116]}"
237,5851,52.0,"{""type"":""Point"",""coordinates"":[-117.56823457562167,33.39599735025393]}"
238,5852,21.0,"{""type"":""Point"",""coordinates"":[-117.21028537699007,33.04869070409514]}"
239,5853,21.0,"{""type"":""Point"",""coordinates"":[-117.16994830736446,32.938539122538856]}"
240,5854,52.0,"{""type"":""Point"",""coordinates"":[-117.19508935623391,32.926163025350384]}"
241,5855,52.0,"{""type"":""Point"",""coordinates"":[-117.07519206259079,32.93375262834401]}"
242,5856,52.0,"{""type"":""Point"",""coordinates"":[-116.89505786120091,32.861049000808514]}"
243,5857,52.0,"{""type"":""Point"",""coordinates"":[-116.89820507983758,32.86080974349533]}"
244,5858,52.0,"{""type"":""Point"",""coordinates"":[-116.8979622271748,32.86022913021504]}"
245,5859,52.0,"{""type"":""Point"",""coordinates"":[-116.94875827583458,32.71271433976504]}"
246,5860,21.0,"{""type"":""Point"",""coordinates"":[-116.98958457029501,32.66375951386174]}"
247,5861,52.0,"{""type"":""Point"",""coordinates"":[-116.97728502036846,32.67745703978463]}"
248,5862,52.0,"{""type"":""Point"",""coordinates"":[-116.97604030004393,32.67671394165154]}"
249,5863,52.0,"{""type"":""Point"",""coordinates"":[-116.97888623432553,32.6739939277722]}"
250,5864,23.0,"{""type"":""Point"",""coordinates"":[-116.91667982190528,32.76262323132285]}"
251,5865,52.0,"{""type"":""Point"",""coordinates"":[-116.9825957261748,32.673656331160146]}"
252,5866,71.0,"{""type"":""Point"",""coordinates"":[-116.98677424521354,32.666311742332695]}"
253,5867,71.0,"{""type"":""Point"",""coordinates"":[-116.98757445176088,32.66525662211588]}"
254,5868,71.0,"{""type"":""Point"",""coordinates"":[-116.9865500012176,32.666442998492265]}"
255,5869,23.0,"{""type"":""Point"",""coordinates"":[-117.040288994639,32.62271248030478]}"
256,5870,23.0,"{""type"":""Point"",""coordinates"":[-117.01594951723494,32.63738328099145]}"
257,5871,22.0,"{""type"":""Point"",""coordinates"":[-117.01561137653978,32.637707223997516]}"
258,5872,52.0,"{""type"":""Point"",""coordinates"":[-117.11836058686711,33.11900872328234]}"
259,5873,71.0,"{""type"":""Point"",""coordinates"":[-117.11865143869119,33.11251886018772]}"
260,5874,52.0,"{""type"":""Point"",""coordinates"":[-117.15876812346124,33.09981220157265]}"
261,5875,52.0,"{""type"":""Point"",""coordinates"":[-117.11758223748657,33.123035351207434]}"
262,5876,23.0,"{""type"":""Point"",""coordinates"":[-117.28540829035018,33.17729196095851]}"
263,5877,52.0,"{""type"":""Point"",""coordinates"":[-117.61366935109079,33.488736805508445]}"
264,5878,31.0,"{""type"":""Point"",""coordinates"":[-116.32112681436669,33.20435311036243]}"
265,5879,71.0,"{""type"":""Point"",""coordinates"":[-116.4897103189597,33.174636348460524]}"
266,5880,21.0,"{""type"":""Point"",""coordinates"":[-117.67324385351175,33.53661880555465]}"
267,5881,23.0,"{""type"":""Point"",""coordinates"":[-117.67321801390125,33.536229450631424]}"
268,5882,23.0,"{""type"":""Point"",""coordinates"":[-117.66634800967941,33.51215845519339]}"
269,5883,52.0,"{""type"":""Point"",""coordinates"":[-117.57422154883523,33.49479870833778]}"
270,5884,21.0,"{""type"":""Point"",""coordinates"":[-117.57130581578933,33.45861182222722]}"
271,5885,22.0,"{""type"":""Point"",""coordinates"":[-117.58015628048472,33.454702542122064]}"
272,5886,23.0,"{""type"":""Point"",""coordinates"":[-117.61864939402878,33.4970759758587]}"
273,5887,22.0,"{""type"":""Point"",""coordinates"":[-117.63992434056729,33.50479465328451]}"
274,5888,52.0,"{""type"":""Point"",""coordinates"":[-117.68941737823036,33.50716203568697]}"
275,5889,23.0,"{""type"":""Point"",""coordinates"":[-117.7004205339064,33.50228912069965]}"
276,5890,23.0,"{""type"":""Point"",""coordinates"":[-117.68361750599557,33.506712695342806]}"
277,5891,22.0,"{""type"":""Point"",""coordinates"":[-117.6841285502314,33.50664228386371]}"
278,5892,23.0,"{""type"":""Point"",""coordinates"":[-117.67006653594332,33.51146299767969]}"
279,5893,52.0,"{""type"":""Point"",""coordinates"":[-117.58105398450623,33.42929487896185]}"
280,5894,52.0,"{""type"":""Point"",""coordinates"":[-117.50037375166285,33.35564117949027]}"
281,5895,52.0,"{""type"":""Point"",""coordinates"":[-117.47957438545508,33.32372245026872]}"
282,5896,71.0,"{""type"":""Point"",""coordinates"":[-117.44123374332734,33.28286798068859]}"
283,5897,71.0,"{""type"":""Point"",""coordinates"":[-117.39469715457646,33.22656985457648]}"
284,5898,22.0,"{""type"":""Point"",""coordinates"":[-117.35467189088669,33.22646342838051]}"
285,5899,52.0,"{""type"":""Point"",""coordinates"":[-117.35891133274248,33.22351483656195]}"
286,5900,71.0,"{""type"":""Point"",""coordinates"":[-117.33655212730558,33.2687346537293]}"
287,5901,71.0,"{""type"":""Point"",""coordinates"":[-117.34695519752113,33.24213285311121]}"
288,5902,52.0,"{""type"":""Point"",""coordinates"":[-117.33200308490588,33.275752400861755]}"
289,5903,52.0,"{""type"":""Point"",""coordinates"":[-117.28897405907796,33.32601846992206]}"
290,5904,23.0,"{""type"":""Point"",""coordinates"":[-117.30499172982111,33.32503762423954]}"
291,5905,71.0,"{""type"":""Point"",""coordinates"":[-117.22988899841103,33.35585510091097]}"
292,5906,22.0,"{""type"":""Point"",""coordinates"":[-117.2518476254899,33.36065703750394]}"
293,5907,21.0,"{""type"":""Point"",""coordinates"":[-117.17000402370277,33.33940782603827]}"
294,5908,52.0,"{""type"":""Point"",""coordinates"":[-117.2677205033164,33.29228378171095]}"
295,5909,22.0,"{""type"":""Point"",""coordinates"":[-117.30491994187152,33.223047107044316]}"
296,5910,24.0,"{""type"":""Point"",""coordinates"":[-117.27254522846428,33.211228403852445]}"
297,5911,22.0,"{""type"":""Point"",""coordinates"":[-117.27379586405863,33.19616277191115]}"
298,5912,22.0,"{""type"":""Point"",""coordinates"":[-117.28538789213013,33.177538726460085]}"
299,5913,23.0,"{""type"":""Point"",""coordinates"":[-117.21974462615167,33.13275566644965]}"
300,5914,52.0,"{""type"":""Point"",""coordinates"":[-117.09066805173117,33.25231221919159]}"
301,5915,52.0,"{""type"":""Point"",""coordinates"":[-117.0977967221913,33.18807058870293]}"
302,5916,23.0,"{""type"":""Point"",""coordinates"":[-117.09185286861822,33.13229725690321]}"
303,5917,82.0,"{""type"":""Point"",""coordinates"":[-117.09273615095546,33.30706065107334]}"
304,5918,52.0,"{""type"":""Point"",""coordinates"":[-116.97776663634171,33.24654459696938]}"
305,5919,52.0,"{""type"":""Point"",""coordinates"":[-117.04681367422631,33.18317207636921]}"
306,5920,52.0,"{""type"":""Point"",""coordinates"":[-117.03090133083776,33.27449395044479]}"
307,5921,43.0,"{""type"":""Point"",""coordinates"":[-116.80789340981167,33.25691001997774]}"
308,5922,52.0,"{""type"":""Point"",""coordinates"":[-116.68553787493296,33.15600076596363]}"
309,5923,52.0,"{""type"":""Point"",""coordinates"":[-116.75040214343261,33.05131577080005]}"
310,5924,52.0,"{""type"":""Point"",""coordinates"":[-116.87786854922027,32.937030824540095]}"
311,5925,52.0,"{""type"":""Point"",""coordinates"":[-116.43813640338853,32.698467464047674]}"
312,5926,21.0,"{""type"":""Point"",""coordinates"":[-116.58415088906055,32.65424140633472]}"
313,5927,52.0,"{""type"":""Point"",""coordinates"":[-116.69164144002524,32.658867366715576]}"
314,5928,71.0,"{""type"":""Point"",""coordinates"":[-116.70180315804967,32.720412393255856]}"
315,5929,71.0,"{""type"":""Point"",""coordinates"":[-116.48700951217387,32.75522729959509]}"
316,5930,52.0,"{""type"":""Point"",""coordinates"":[-116.31856746020237,32.672571094488866]}"
317,5931,52.0,"{""type"":""Point"",""coordinates"":[-116.56062421022185,32.84046137895513]}"
318,5932,52.0,"{""type"":""Point"",""coordinates"":[-116.6869265445478,32.800574361154695]}"
319,5933,22.0,"{""type"":""Point"",""coordinates"":[-116.86532420226258,32.806291608423884]}"
320,5934,52.0,"{""type"":""Point"",""coordinates"":[-116.84067954762268,32.8482354970035]}"
321,5935,22.0,"{""type"":""Point"",""coordinates"":[-116.78924219031535,32.82737126354563]}"
322,5936,52.0,"{""type"":""Point"",""coordinates"":[-116.78944310005997,32.81199908879681]}"
323,5937,52.0,"{""type"":""Point"",""coordinates"":[-116.5781652999104,32.93094172294081]}"
324,5938,24.0,"{""type"":""Point"",""coordinates"":[-117.15733506302502,33.12798040858808]}"
325,5939,23.0,"{""type"":""Point"",""coordinates"":[-117.1052773783046,33.12350320186248]}"
326,5940,24.0,"{""type"":""Point"",""coordinates"":[-117.09269395344715,33.118511178532344]}"
327,5941,52.0,"{""type"":""Point"",""coordinates"":[-117.12885900239483,33.07337595881091]}"
328,5942,22.0,"{""type"":""Point"",""coordinates"":[-117.11804541907027,33.09967577764203]}"
329,5943,24.0,"{""type"":""Point"",""coordinates"":[-117.10491486399629,33.11666007117104]}"
330,5944,23.0,"{""type"":""Point"",""coordinates"":[-117.0891146852186,33.11471573935253]}"
331,5945,52.0,"{""type"":""Point"",""coordinates"":[-117.03010153726221,33.05350438295472]}"
332,5946,22.0,"{""type"":""Point"",""coordinates"":[-117.03227659568715,33.00008299888862]}"
333,5947,22.0,"{""type"":""Point"",""coordinates"":[-117.03203406019671,32.98016070066281]}"
334,5948,23.0,"{""type"":""Point"",""coordinates"":[-117.0566115767543,32.986438490789084]}"
335,5949,22.0,"{""type"":""Point"",""coordinates"":[-117.16053447592554,33.03776689789763]}"
336,5950,52.0,"{""type"":""Point"",""coordinates"":[-117.13953945329706,33.033090641649245]}"
337,5951,22.0,"{""type"":""Point"",""coordinates"":[-117.11478755052167,33.02035138693311]}"
338,5952,22.0,"{""type"":""Point"",""coordinates"":[-117.09326820093243,33.003971986352276]}"
339,5953,52.0,"{""type"":""Point"",""coordinates"":[-117.08875806830322,33.060478102182415]}"
340,5954,23.0,"{""type"":""Point"",""coordinates"":[-117.09294003628827,33.10067786924938]}"
341,5955,23.0,"{""type"":""Point"",""coordinates"":[-117.07079201813328,33.1051155536672]}"
342,5956,23.0,"{""type"":""Point"",""coordinates"":[-117.07125094248181,33.09592350000652]}"
343,5957,22.0,"{""type"":""Point"",""coordinates"":[-117.29610814822144,33.157319575585234]}"
344,5958,21.0,"{""type"":""Point"",""coordinates"":[-117.296162298754,33.1576325179531]}"
345,5959,21.0,"{""type"":""Point"",""coordinates"":[-117.22452085250697,32.992856533649814]}"
346,5960,21.0,"{""type"":""Point"",""coordinates"":[-117.26992777237837,33.013020189778054]}"
347,5961,22.0,"{""type"":""Point"",""coordinates"":[-117.21022946481555,32.90090561921562]}"
348,5962,22.0,"{""type"":""Point"",""coordinates"":[-117.20865149562685,32.86321440712859]}"
349,5963,95.0,"{""type"":""Point"",""coordinates"":[-117.25023564520878,33.01105918462378]}"
350,5964,22.0,"{""type"":""Point"",""coordinates"":[-117.23588251776151,32.970921359354485]}"
351,5965,52.0,"{""type"":""Point"",""coordinates"":[-117.22175650084789,32.93756927444707]}"
352,5966,24.0,"{""type"":""Point"",""coordinates"":[-117.21839196402354,32.90331880097115]}"
353,5967,52.0,"{""type"":""Point"",""coordinates"":[-117.21730058511369,32.88937404764316]}"
354,5968,52.0,"{""type"":""Point"",""coordinates"":[-117.21508848124724,32.88840443396045]}"
355,5969,21.0,"{""type"":""Point"",""coordinates"":[-117.22166916413822,32.90581912559077]}"
356,5970,52.0,"{""type"":""Point"",""coordinates"":[-117.2289039330639,32.90116905241869]}"
357,5971,22.0,"{""type"":""Point"",""coordinates"":[-117.2332909960444,32.89968541358368]}"
358,5972,22.0,"{""type"":""Point"",""coordinates"":[-117.23408905604106,32.899080091182164]}"
359,5973,23.0,"{""type"":""Point"",""coordinates"":[-117.24024010267077,32.9484496441799]}"
360,5974,23.0,"{""type"":""Point"",""coordinates"":[-117.12503557133434,32.902962922000356]}"
361,5975,24.0,"{""type"":""Point"",""coordinates"":[-117.14488504292845,32.89750559443915]}"
362,5976,52.0,"{""type"":""Point"",""coordinates"":[-117.15046660545069,32.896417166619855]}"
363,5977,24.0,"{""type"":""Point"",""coordinates"":[-117.17997032517403,32.88649955770574]}"
364,5978,52.0,"{""type"":""Point"",""coordinates"":[-117.20722624925916,32.9026795701628]}"
365,5979,52.0,"{""type"":""Point"",""coordinates"":[-117.19161891986568,32.871427280449566]}"
366,5980,24.0,"{""type"":""Point"",""coordinates"":[-117.17281586081992,32.84501560820876]}"
367,5981,23.0,"{""type"":""Point"",""coordinates"":[-117.17932048104329,32.83293912856145]}"
368,5982,22.0,"{""type"":""Point"",""coordinates"":[-117.20871440463856,32.80994406857298]}"
369,5983,23.0,"{""type"":""Point"",""coordinates"":[-117.20133121909414,32.80944334097268]}"
370,5984,23.0,"{""type"":""Point"",""coordinates"":[-117.2112106860512,32.83803623696772]}"
371,5985,22.0,"{""type"":""Point"",""coordinates"":[-117.26184665470925,32.84543311057234]}"
372,5986,24.0,"{""type"":""Point"",""coordinates"":[-117.14340796279943,32.8302315904451]}"
373,5987,24.0,"{""type"":""Point"",""coordinates"":[-117.12114333171183,32.80696717832475]}"
374,5988,23.0,"{""type"":""Point"",""coordinates"":[-117.14285185966764,32.8240235176113]}"
375,5989,23.0,"{""type"":""Point"",""coordinates"":[-117.13681370305976,32.828943751343765]}"
376,5990,24.0,"{""type"":""Point"",""coordinates"":[-117.21809670444657,32.88095857298318]}"
377,5991,22.0,"{""type"":""Point"",""coordinates"":[-117.25637372927729,32.83578629291686]}"
378,5992,23.0,"{""type"":""Point"",""coordinates"":[-117.16948791386183,32.8895664631876]}"
379,5993,23.0,"{""type"":""Point"",""coordinates"":[-117.17115411779677,32.88945802751912]}"
380,5994,22.0,"{""type"":""Point"",""coordinates"":[-117.03178856849692,32.91770052997241]}"
381,5995,22.0,"{""type"":""Point"",""coordinates"":[-117.03170871620746,32.917732953904114]}"
382,5996,23.0,"{""type"":""Point"",""coordinates"":[-117.03163722710082,32.9177651113017]}"
383,5997,52.0,"{""type"":""Point"",""coordinates"":[-117.03940807472408,32.88264926472959]}"
384,5998,21.0,"{""type"":""Point"",""coordinates"":[-117.0748358979881,32.90399080500559]}"
385,5999,23.0,"{""type"":""Point"",""coordinates"":[-117.1907406114685,32.74917527329489]}"
386,6000,24.0,"{""type"":""Point"",""coordinates"":[-117.19626670852008,32.76326896899286]}"
387,6001,23.0,"{""type"":""Point"",""coordinates"":[-117.21917601055208,32.753861777348625]}"
388,6002,22.0,"{""type"":""Point"",""coordinates"":[-117.23655243216618,32.723941230024565]}"
389,6003,11.0,"{""type"":""Point"",""coordinates"":[-117.21229723186467,32.77334350791117]}"
390,6004,24.0,"{""type"":""Point"",""coordinates"":[-117.19241847954099,32.74573607047716]}"
391,6005,24.0,"{""type"":""Point"",""coordinates"":[-116.92619162540889,32.86352170742075]}"
392,6006,52.0,"{""type"":""Point"",""coordinates"":[-116.986464277509,32.87089062945994]}"
393,6007,22.0,"{""type"":""Point"",""coordinates"":[-116.90637294382738,32.798712812830914]}"
394,6008,24.0,"{""type"":""Point"",""coordinates"":[-116.9499146926372,32.80401749255547]}"
395,6009,52.0,"{""type"":""Point"",""coordinates"":[-116.9594985900609,32.77137356580703]}"
396,6010,24.0,"{""type"":""Point"",""coordinates"":[-116.95262093899726,32.79431534725581]}"
397,6011,52.0,"{""type"":""Point"",""coordinates"":[-116.92071781864291,32.832750408434734]}"
398,6012,23.0,"{""type"":""Point"",""coordinates"":[-116.98877878789207,32.791614805344416]}"
399,6013,23.0,"{""type"":""Point"",""coordinates"":[-117.01017686620466,32.792526981902604]}"
400,6014,52.0,"{""type"":""Point"",""coordinates"":[-117.07683742452464,32.78974961345214]}"
401,6015,23.0,"{""type"":""Point"",""coordinates"":[-117.07010839597396,32.78981980698238]}"
402,6016,23.0,"{""type"":""Point"",""coordinates"":[-116.97795209736896,32.73952850370275]}"
403,6017,23.0,"{""type"":""Point"",""coordinates"":[-116.9421287677328,32.73509131470345]}"
404,6018,24.0,"{""type"":""Point"",""coordinates"":[-117.02408728820322,32.742886300667784]}"
405,6019,23.0,"{""type"":""Point"",""coordinates"":[-117.04590659338292,32.724300579695004]}"
406,6020,23.0,"{""type"":""Point"",""coordinates"":[-117.0376114612446,32.68099314892845]}"
407,6021,23.0,"{""type"":""Point"",""coordinates"":[-117.01771520916945,32.68908763346689]}"
408,6022,23.0,"{""type"":""Point"",""coordinates"":[-117.04751618332513,32.70169336535352]}"
409,6023,22.0,"{""type"":""Point"",""coordinates"":[-117.0550448162935,32.64939934325815]}"
410,6025,23.0,"{""type"":""Point"",""coordinates"":[-117.06431709463584,32.74377311229799]}"
411,6026,22.0,"{""type"":""Point"",""coordinates"":[-117.0929926451255,32.733442924054515]}"
412,6027,22.0,"{""type"":""Point"",""coordinates"":[-117.11841292137846,32.743008363573416]}"
413,6028,23.0,"{""type"":""Point"",""coordinates"":[-117.1310357494375,32.76965750363905]}"
414,6029,21.0,"{""type"":""Point"",""coordinates"":[-117.13258354194029,32.774583489454834]}"
415,6030,24.0,"{""type"":""Point"",""coordinates"":[-117.13151068708862,32.74891543112463]}"
416,6031,23.0,"{""type"":""Point"",""coordinates"":[-117.13848778124539,32.78363740257307]}"
417,6032,24.0,"{""type"":""Point"",""coordinates"":[-117.15298865829871,32.80798705054952]}"
418,6033,24.0,"{""type"":""Point"",""coordinates"":[-117.15698650879176,32.70425477178747]}"
419,6034,24.0,"{""type"":""Point"",""coordinates"":[-117.13764293118462,32.70660478162109]}"
420,6035,23.0,"{""type"":""Point"",""coordinates"":[-117.15024938431648,32.798639233130395]}"
421,6036,24.0,"{""type"":""Point"",""coordinates"":[-117.13409221619756,32.706268059653254]}"
422,6037,22.0,"{""type"":""Point"",""coordinates"":[-117.11857201243444,32.69231911038014]}"
423,6038,23.0,"{""type"":""Point"",""coordinates"":[-117.12533824743772,32.73022419168135]}"
424,6039,24.0,"{""type"":""Point"",""coordinates"":[-117.12580434756318,32.754331588900556]}"
425,6040,23.0,"{""type"":""Point"",""coordinates"":[-117.12371615656357,32.75329288502694]}"
426,6041,24.0,"{""type"":""Point"",""coordinates"":[-117.11204439049864,32.72986196406983]}"
427,6042,52.0,"{""type"":""Point"",""coordinates"":[-117.11782655826327,32.72156113697388]}"
428,6043,24.0,"{""type"":""Point"",""coordinates"":[-117.14351436805656,32.69559107646955]}"
429,6044,24.0,"{""type"":""Point"",""coordinates"":[-117.14282568150189,32.694631765116405]}"
430,6045,24.0,"{""type"":""Point"",""coordinates"":[-117.13095689913106,32.68938384347194]}"
431,6046,23.0,"{""type"":""Point"",""coordinates"":[-117.10042626072024,32.665143110757136]}"
432,6047,23.0,"{""type"":""Point"",""coordinates"":[-117.06938792167753,32.71021515243991]}"
433,6048,24.0,"{""type"":""Point"",""coordinates"":[-117.0954590345031,32.644531498823156]}"
434,6049,23.0,"{""type"":""Point"",""coordinates"":[-117.08171445432819,32.608732131551065]}"
435,6050,23.0,"{""type"":""Point"",""coordinates"":[-117.09891096929672,32.64040971168608]}"
436,6051,23.0,"{""type"":""Point"",""coordinates"":[-117.09563627776807,32.62295955593549]}"
437,6052,11.0,"{""type"":""Point"",""coordinates"":[-117.09310829578565,32.59884827077965]}"
438,6053,23.0,"{""type"":""Point"",""coordinates"":[-117.07418451742241,32.60873473302227]}"
439,6054,24.0,"{""type"":""Point"",""coordinates"":[-117.09443011383806,32.6127171965939]}"
440,6055,23.0,"{""type"":""Point"",""coordinates"":[-117.0767109050642,32.58019489820905]}"
441,6056,23.0,"{""type"":""Point"",""coordinates"":[-117.05813450791743,32.59347187707722]}"
442,6057,23.0,"{""type"":""Point"",""coordinates"":[-117.03850608326661,32.57873762762255]}"
443,6058,71.0,"{""type"":""Point"",""coordinates"":[-116.98064344086877,32.589482836048184]}"
444,6059,52.0,"{""type"":""Point"",""coordinates"":[-116.91984410286047,32.58569108096132]}"
445,6060,71.0,"{""type"":""Point"",""coordinates"":[-116.94216292214601,32.582106185965586]}"
446,6061,24.0,"{""type"":""Point"",""coordinates"":[-116.94445077807588,32.56411154882426]}"
447,6062,23.0,"{""type"":""Point"",""coordinates"":[-116.94439212409085,32.56734613611138]}"
448,6063,52.0,"{""type"":""Point"",""coordinates"":[-116.60006500993626,33.05655299607512]}"
449,6064,24.0,"{""type"":""Point"",""coordinates"":[-117.17122282125536,32.7234475084849]}"
450,6066,22.0,"{""type"":""Point"",""coordinates"":[-117.24495967712386,32.69071123905211]}"
451,6067,23.0,"{""type"":""Point"",""coordinates"":[-117.17759835576265,32.70084227962304]}"
452,6068,24.0,"{""type"":""Point"",""coordinates"":[-117.18537011352397,32.70408338487246]}"
453,6069,24.0,"{""type"":""Point"",""coordinates"":[-117.11594231134154,32.67624092465422]}"
454,6070,24.0,"{""type"":""Point"",""coordinates"":[-117.11301600021012,32.6621875185605]}"
455,6071,24.0,"{""type"":""Point"",""coordinates"":[-117.11469032058996,32.67056730791322]}"
456,6072,22.0,"{""type"":""Point"",""coordinates"":[-117.58945751747885,33.45623097817942]}"
457,6073,71.0,"{""type"":""Point"",""coordinates"":[-117.11174078422682,33.35718059900941]}"
458,6074,23.0,"{""type"":""Point"",""coordinates"":[-117.31750156044093,33.24575256926279]}"
459,6075,22.0,"{""type"":""Point"",""coordinates"":[-117.32753524930519,33.125507769254135]}"
460,6076,22.0,"{""type"":""Point"",""coordinates"":[-117.19349588353981,33.09172912936376]}"
461,6077,23.0,"{""type"":""Point"",""coordinates"":[-117.1969874276349,32.878781271361134]}"
462,6078,23.0,"{""type"":""Point"",""coordinates"":[-117.03239334874148,32.94155309736254]}"
463,6079,52.0,"{""type"":""Point"",""coordinates"":[-117.02832882871202,32.85783248719675]}"
464,6080,24.0,"{""type"":""Point"",""coordinates"":[-117.13304747673874,32.833267778812484]}"
465,6081,23.0,"{""type"":""Point"",""coordinates"":[-117.16133701339785,32.8424344650422]}"
466,6082,22.0,"{""type"":""Point"",""coordinates"":[-117.14083149496109,33.0683607855931]}"
467,6083,23.0,"{""type"":""Point"",""coordinates"":[-117.1188430493413,33.05829545985272]}"
468,6084,23.0,"{""type"":""Point"",""coordinates"":[-117.11715303732521,33.123714485997375]}"
469,6085,23.0,"{""type"":""Point"",""coordinates"":[-117.22113216299634,32.95891780282346]}"
470,6086,22.0,"{""type"":""Point"",""coordinates"":[-117.16441431331177,32.77164404092441]}"
471,6087,22.0,"{""type"":""Point"",""coordinates"":[-117.08807413299436,32.81565358284762]}"
472,6088,22.0,"{""type"":""Point"",""coordinates"":[-117.08785725550896,32.815681531979315]}"
473,6090,24.0,"{""type"":""Point"",""coordinates"":[-117.14483979222851,32.694411716967934]}"
474,6091,24.0,"{""type"":""Point"",""coordinates"":[-117.18919803695853,32.704798704500895]}"
475,6092,24.0,"{""type"":""Point"",""coordinates"":[-117.20182012149414,32.74150632023336]}"
476,6094,24.0,"{""type"":""Point"",""coordinates"":[-117.1168705587894,32.78717526435042]}"
477,6095,23.0,"{""type"":""Point"",""coordinates"":[-116.93522542397484,32.58578596271198]}"
478,6096,71.0,"{""type"":""Point"",""coordinates"":[-116.34598910938875,32.70031492175689]}"
479,6099,52.0,"{""type"":""Point"",""coordinates"":[-117.61436198362453,33.53557530244128]}"
480,6100,52.0,"{""type"":""Point"",""coordinates"":[-116.27557607717996,32.71738275002255]}"
481,6101,21.0,"{""type"":""Point"",""coordinates"":[-116.83702397290152,32.86823333650062]}"
482,6102,52.0,"{""type"":""Point"",""coordinates"":[-117.57029087974256,33.463613936669404]}"
483,6103,22.0,"{""type"":""Point"",""coordinates"":[-117.57533598398486,33.38877399805863]}"
484,6104,52.0,"{""type"":""Point"",""coordinates"":[-116.68935434171885,32.83088183819612]}"
485,6106,52.0,"{""type"":""Point"",""coordinates"":[-122.38924975210261,40.65367701121555]}"
486,6107,42.0,"{""type"":""Point"",""coordinates"":[-122.4046668280918,40.667737851092085]}"
487,6108,71.0,"{""type"":""Point"",""coordinates"":[-122.38930451876767,40.64376115784549]}"
488,6109,42.0,"{""type"":""Point"",""coordinates"":[-122.37690561613863,40.662558278726294]}"
489,6110,22.0,"{""type"":""Point"",""coordinates"":[-122.37916978277285,40.66716035617858]}"
490,6111,24.0,"{""type"":""Point"",""coordinates"":[-122.39018988000308,40.65525531329263]}"
491,6112,71.0,"{""type"":""Point"",""coordinates"":[-122.44873876746074,40.97683668193971]}"
492,6113,42.0,"{""type"":""Point"",""coordinates"":[-122.40733334826079,40.6704739270341]}"
493,6114,52.0,"{""type"":""Point"",""coordinates"":[-122.38901919146444,40.65316274966595]}"
494,6115,82.0,"{""type"":""Point"",""coordinates"":[-121.34414436734987,38.37379275181664]}"
495,6116,23.0,"{""type"":""Point"",""coordinates"":[-121.47187602993117,38.499838861887206]}"
496,6117,82.0,"{""type"":""Point"",""coordinates"":[-121.25831839692346,38.34882799465868]}"
497,6118,22.0,"{""type"":""Point"",""coordinates"":[-121.4168728930315,38.50833467272683]}"
498,6119,22.0,"{""type"":""Point"",""coordinates"":[-121.40987939830545,38.50875060761663]}"
499,6120,23.0,"{""type"":""Point"",""coordinates"":[-121.34406366167919,38.72358126209666]}"
