system:index,id,mean,.geo
0,1574,12.720699558291932,"{""type"":""Point"",""coordinates"":[-121.87656802169413,37.564210485920334]}"
1,1575,7.232760592304389,"{""type"":""Point"",""coordinates"":[-121.87577023411296,37.5633056366728]}"
2,1576,3.015319585800171,"{""type"":""Point"",""coordinates"":[-121.98548982711048,37.50192917152784]}"
3,1577,2.1928257942199707,"{""type"":""Point"",""coordinates"":[-121.76156526697298,37.64932768247163]}"
4,1578,3.9657371044158936,"{""type"":""Point"",""coordinates"":[-121.82178458879376,37.60827889311721]}"
5,1579,3.9657371044158936,"{""type"":""Point"",""coordinates"":[-121.82183177289392,37.60832767131248]}"
6,1580,1.4929215908050537,"{""type"":""Point"",""coordinates"":[-121.86234698112307,37.577484274040664]}"
7,1581,12.950453758239746,"{""type"":""Point"",""coordinates"":[-121.89594102541875,37.54297241728357]}"
8,1582,12.950453758239746,"{""type"":""Point"",""coordinates"":[-121.89600878611644,37.543008584862534]}"
9,1583,19.060657501220703,"{""type"":""Point"",""coordinates"":[-121.93895345800595,37.519876163507384]}"
10,1584,4.373363971710205,"{""type"":""Point"",""coordinates"":[-120.40843149664285,37.294324322359074]}"
11,1585,2.7802884578704834,"{""type"":""Point"",""coordinates"":[-120.40841606807712,37.294390727575106]}"
12,1586,2.9778125286102295,"{""type"":""Point"",""coordinates"":[-120.44940601914499,37.331410200071886]}"
13,1587,2.4660227298736572,"{""type"":""Point"",""coordinates"":[-119.77678423790084,35.7825657444283]}"
14,1588,5.701371669769287,"{""type"":""Point"",""coordinates"":[-119.80825319293109,35.834839406960036]}"
15,1589,2.942254066467285,"{""type"":""Point"",""coordinates"":[-119.85944733221588,35.802506853781075]}"
16,1590,10.183404678301727,"{""type"":""Point"",""coordinates"":[-120.12403520951348,36.14111538777047]}"
17,1591,11.05128450390268,"{""type"":""Point"",""coordinates"":[-121.0176030298867,37.05376003551362]}"
18,1592,11.292869752976038,"{""type"":""Point"",""coordinates"":[-121.01690825721053,37.05340462854027]}"
19,1593,4.451674486892996,"{""type"":""Point"",""coordinates"":[-121.01688501461628,37.052444852864]}"
20,1594,1.8543341688295631,"{""type"":""Point"",""coordinates"":[-121.01694780581956,37.05240283396548]}"
21,1595,12.290444865100772,"{""type"":""Point"",""coordinates"":[-120.84609301734223,36.91842711329517]}"
22,1596,0.9274099469184875,"{""type"":""Point"",""coordinates"":[-120.68865512044712,36.76729916855642]}"
23,1597,3.58786940574646,"{""type"":""Point"",""coordinates"":[-120.63476897974303,36.7086878158421]}"
24,1598,5.771347999572754,"{""type"":""Point"",""coordinates"":[-120.58376679835933,36.653559180142835]}"
25,1599,12.707045981762832,"{""type"":""Point"",""coordinates"":[-120.84851511039702,36.920835442657896]}"
26,1600,4.6273674964904785,"{""type"":""Point"",""coordinates"":[-120.69067148721412,36.76994827828986]}"
27,1601,4.6273674964904785,"{""type"":""Point"",""coordinates"":[-120.69074196633849,36.76990638792339]}"
28,1602,1.4825021028518677,"{""type"":""Point"",""coordinates"":[-120.63635616520386,36.7107587496531]}"
29,1603,6.869500637054443,"{""type"":""Point"",""coordinates"":[-121.51622964382703,37.685328963419664]}"
30,1604,12.355405807495117,"{""type"":""Point"",""coordinates"":[-121.46542382304911,37.65541881917215]}"
31,1605,12.355405807495117,"{""type"":""Point"",""coordinates"":[-121.46547251215416,37.65536955996195]}"
32,1606,11.782630920410156,"{""type"":""Point"",""coordinates"":[-121.42931602346255,37.63328333726267]}"
33,1607,17.28030014038086,"{""type"":""Point"",""coordinates"":[-121.39255140956635,37.611614293606436]}"
34,1608,19.03935432434082,"{""type"":""Point"",""coordinates"":[-121.3926025446539,37.61155745365056]}"
35,1609,13.428483009338379,"{""type"":""Point"",""coordinates"":[-121.30578161121083,37.558170955297314]}"
36,1610,21.868576049804688,"{""type"":""Point"",""coordinates"":[-121.22525980707516,37.49826330321183]}"
37,1611,21.868576049804688,"{""type"":""Point"",""coordinates"":[-121.2253230012228,37.49821547612311]}"
38,1612,11.051919937133789,"{""type"":""Point"",""coordinates"":[-121.20211260204897,37.463433335329796]}"
39,1613,13.408308029174805,"{""type"":""Point"",""coordinates"":[-121.18244815949363,37.42639603696592]}"
40,1614,13.408308029174805,"{""type"":""Point"",""coordinates"":[-121.1825326112519,37.426369565652585]}"
41,1615,3.613884687423706,"{""type"":""Point"",""coordinates"":[-121.13436114056998,37.29823759160203]}"
42,1616,24.42717742919922,"{""type"":""Point"",""coordinates"":[-121.0910547705802,37.16940949224873]}"
43,1617,24.42717742919922,"{""type"":""Point"",""coordinates"":[-121.09114796901866,37.16939096079366]}"
44,1618,13.532158851623535,"{""type"":""Point"",""coordinates"":[-121.05270897469927,37.10844524074672]}"
45,1619,3.0027287006378174,"{""type"":""Point"",""coordinates"":[-120.72125982998217,35.27678273322424]}"
46,1620,10.267358779907227,"{""type"":""Point"",""coordinates"":[-120.58992196027312,35.16999401488993]}"
47,1621,14.749434471130371,"{""type"":""Point"",""coordinates"":[-120.59007996975322,35.169924615045396]}"
48,1622,7.463511943817139,"{""type"":""Point"",""coordinates"":[-120.50817340573508,35.093219240825]}"
49,1623,3.532637357711792,"{""type"":""Point"",""coordinates"":[-119.4621498901927,35.39544739022842]}"
50,1624,0.9274099469184875,"{""type"":""Point"",""coordinates"":[-119.45054878677183,35.400703071068]}"
51,1625,0.9274099469184875,"{""type"":""Point"",""coordinates"":[-119.45046956729755,35.400682509882984]}"
52,1626,2.9335076808929443,"{""type"":""Point"",""coordinates"":[-119.45192623656611,35.4060871980474]}"
53,1627,2.933483362197876,"{""type"":""Point"",""coordinates"":[-119.45220954376356,35.405014021739646]}"
54,1628,5.661436557769775,"{""type"":""Point"",""coordinates"":[-119.09587079305078,35.347978387093434]}"
55,1629,0.9274099469184875,"{""type"":""Point"",""coordinates"":[-119.09641819638074,35.317556463573524]}"
56,1630,0.9274099469184875,"{""type"":""Point"",""coordinates"":[-119.09648521721665,35.31756282484415]}"
57,1631,8.375011050154741,"{""type"":""Point"",""coordinates"":[-119.09836688918185,35.38099672524154]}"
58,1632,3.0029404163360596,"{""type"":""Point"",""coordinates"":[-119.06841104692232,35.31702769814171]}"
59,1633,2.7802884578704834,"{""type"":""Point"",""coordinates"":[-119.0927735238306,35.3416673090927]}"
60,1634,2.994368553161621,"{""type"":""Point"",""coordinates"":[-121.76165271367859,38.001936360380256]}"
61,1635,6.268476486206055,"{""type"":""Point"",""coordinates"":[-121.58959978817332,39.54669803051725]}"
62,1636,9.57662296295166,"{""type"":""Point"",""coordinates"":[-121.53468679881384,39.54516685945026]}"
63,1637,0.0,"{""type"":""Point"",""coordinates"":[-121.61732729832882,39.54888444422587]}"
64,1638,4.526994705200195,"{""type"":""Point"",""coordinates"":[-121.54178683933348,39.04987539078553]}"
65,1639,1.196262902870997,"{""type"":""Point"",""coordinates"":[-121.61834362930425,39.17585007869978]}"
66,1640,4.406107425689697,"{""type"":""Point"",""coordinates"":[-121.57101249799945,39.181174204216745]}"
67,1641,5.148367404937744,"{""type"":""Point"",""coordinates"":[-121.56998675027418,39.18130174430941]}"
68,1642,3.704791784286499,"{""type"":""Point"",""coordinates"":[-121.54936761639698,39.1380391542986]}"
69,1643,7.300226211547852,"{""type"":""Point"",""coordinates"":[-121.57083330002104,39.181076708929204]}"
70,1644,0.9274099469184875,"{""type"":""Point"",""coordinates"":[-121.54269079610995,39.09234452539752]}"
71,1645,2.5619802474975586,"{""type"":""Point"",""coordinates"":[-121.54239101789541,39.092245448663185]}"
72,1646,0.0,"{""type"":""Point"",""coordinates"":[-121.53765360605813,39.00479052316906]}"
73,1647,1.8543341159820557,"{""type"":""Point"",""coordinates"":[-121.57439327457725,39.24255570852357]}"
74,1648,9.01270580291748,"{""type"":""Point"",""coordinates"":[-121.5744238454923,39.24465893930592]}"
75,1649,0.9274099469184875,"{""type"":""Point"",""coordinates"":[-121.35369138075417,38.372794957818506]}"
76,1650,3.6567986011505127,"{""type"":""Point"",""coordinates"":[-121.36942044134754,38.234607559036576]}"
77,1651,1.1806204319000244,"{""type"":""Point"",""coordinates"":[-121.36950414254804,38.23462229586503]}"
78,1652,1.1800528764724731,"{""type"":""Point"",""coordinates"":[-121.37936908093599,38.19953779037474]}"
79,1653,1.179477334022522,"{""type"":""Point"",""coordinates"":[-121.38885941752291,38.1639467630865]}"
80,1654,1.179477334022522,"{""type"":""Point"",""coordinates"":[-121.38894691385764,38.16396082373365]}"
81,1655,0.9274099469184875,"{""type"":""Point"",""coordinates"":[-121.4374162488192,37.9314637348742]}"
82,1656,4.384959697723389,"{""type"":""Point"",""coordinates"":[-121.36272595529995,37.986848913203204]}"
83,1657,1.4980778694152832,"{""type"":""Point"",""coordinates"":[-121.3498198140161,37.99164882790761]}"
84,1658,2.530266761779785,"{""type"":""Point"",""coordinates"":[-121.37731109312479,38.05932855261569]}"
85,1659,3.648634672164917,"{""type"":""Point"",""coordinates"":[-121.37768302226127,38.05957392887724]}"
86,1660,3.6486215591430664,"{""type"":""Point"",""coordinates"":[-121.377178934001,38.059397749924806]}"
87,1661,3.6486215591430664,"{""type"":""Point"",""coordinates"":[-121.37702986224068,38.05940494672653]}"
88,1662,1.1777969598770142,"{""type"":""Point"",""coordinates"":[-121.37690139407952,38.05952600356778]}"
89,1663,4.776041379300153,"{""type"":""Point"",""coordinates"":[-121.1352258029653,38.65646713977015]}"
90,1664,5.4661359786987305,"{""type"":""Point"",""coordinates"":[-122.58031510357765,38.25191943548578]}"
91,1665,5.816050052642822,"{""type"":""Point"",""coordinates"":[-122.5801222365502,38.25148678377689]}"
92,1666,5.4661359786987305,"{""type"":""Point"",""coordinates"":[-122.58043212950805,38.251844303917714]}"
93,1667,5.816050052642822,"{""type"":""Point"",""coordinates"":[-122.57998311041976,38.251626926484896]}"
94,1668,0.0,"{""type"":""Point"",""coordinates"":[-122.58116256380262,38.25205980369076]}"
95,1669,3.0007054805755615,"{""type"":""Point"",""coordinates"":[-122.58106476915842,38.252236809154105]}"
96,1670,19.891305923461914,"{""type"":""Point"",""coordinates"":[-122.5905408147538,38.325047002490315]}"
97,1671,19.97166633605957,"{""type"":""Point"",""coordinates"":[-122.59010808690599,38.324856285947305]}"
98,1672,5.1925272941589355,"{""type"":""Point"",""coordinates"":[-122.59141713427431,38.41338509826907]}"
99,1673,11.338717460632324,"{""type"":""Point"",""coordinates"":[-122.64681722471263,38.482954127478095]}"
100,1674,20.331396102905273,"{""type"":""Point"",""coordinates"":[-122.59482849183696,38.426939077514106]}"
101,1675,15.427738189697266,"{""type"":""Point"",""coordinates"":[-122.59367450940705,38.42842318123006]}"
102,1676,4.003623962402344,"{""type"":""Point"",""coordinates"":[-122.75942922788661,38.499013868442496]}"
103,1677,5.4661359786987305,"{""type"":""Point"",""coordinates"":[-122.580010713094,38.25173073555784]}"
104,1678,3.5387091636657715,"{""type"":""Point"",""coordinates"":[-122.58027508341551,38.25203925278457]}"
105,1679,2.1959216594696045,"{""type"":""Point"",""coordinates"":[-121.76240184097836,38.01341602186716]}"
106,1680,3.9700429439544678,"{""type"":""Point"",""coordinates"":[-121.56785096551972,37.711799473258075]}"
107,1681,1.4945825338363647,"{""type"":""Point"",""coordinates"":[-121.56778534305045,37.71197974205224]}"
108,1682,1.8543341159820557,"{""type"":""Point"",""coordinates"":[-121.56772122849583,37.712243171398356]}"
109,1683,16.387229919433594,"{""type"":""Point"",""coordinates"":[-121.90171653065974,37.99483777135221]}"
110,1684,13.64357852935791,"{""type"":""Point"",""coordinates"":[-121.8728304059808,37.95450005296099]}"
111,1685,10.28807258605957,"{""type"":""Point"",""coordinates"":[-121.872880511669,37.954448412259474]}"
112,1686,7.446254730224609,"{""type"":""Point"",""coordinates"":[-121.83535028741743,37.933847359179566]}"
113,1687,6.464860916137695,"{""type"":""Point"",""coordinates"":[-121.79366393289726,37.9165044557686]}"
114,1688,6.464860916137695,"{""type"":""Point"",""coordinates"":[-121.79370178997699,37.91644166653718]}"
115,1689,6.01894474029541,"{""type"":""Point"",""coordinates"":[-121.76732210057804,37.906685662555624]}"
116,1690,8.619678497314453,"{""type"":""Point"",""coordinates"":[-121.74152336730033,37.89742283821839]}"
117,1691,8.619678497314453,"{""type"":""Point"",""coordinates"":[-121.7415770178473,37.89734340549647]}"
118,1692,10.363055229187012,"{""type"":""Point"",""coordinates"":[-121.69642722592636,37.86214151765738]}"
119,1693,18.490535736083984,"{""type"":""Point"",""coordinates"":[-121.65916586803591,37.81973014319572]}"
120,1694,18.490535736083984,"{""type"":""Point"",""coordinates"":[-121.65923467143536,37.819695395539]}"
121,1695,8.35979175567627,"{""type"":""Point"",""coordinates"":[-121.61286232459254,37.76476566534997]}"
122,1696,1.172741413116455,"{""type"":""Point"",""coordinates"":[-121.93917245862293,37.74294482867447]}"
123,1697,1.172741413116455,"{""type"":""Point"",""coordinates"":[-121.93855444631888,37.743089963264666]}"
124,1698,0.9274099469184875,"{""type"":""Point"",""coordinates"":[-121.95416678643161,37.76305197425548]}"
125,1699,3.6301186084747314,"{""type"":""Point"",""coordinates"":[-121.9239103886631,37.52714327976513]}"
126,1700,0.9274099469184875,"{""type"":""Point"",""coordinates"":[-121.87599454433834,37.566373293077376]}"
127,1701,13.205135345458984,"{""type"":""Point"",""coordinates"":[-121.96115814082752,37.61975020105888]}"
128,1702,2.985617160797119,"{""type"":""Point"",""coordinates"":[-122.08029878402861,37.650461121851954]}"
129,1703,10.666181564331055,"{""type"":""Point"",""coordinates"":[-122.04187661369485,37.67744831796267]}"
130,1704,9.340410232543945,"{""type"":""Point"",""coordinates"":[-122.04153836101318,37.68636379642551]}"
131,1705,2.3425090312957764,"{""type"":""Point"",""coordinates"":[-122.03624547778949,37.680051300573126]}"
132,1706,0.0,"{""type"":""Point"",""coordinates"":[-122.06060354417136,37.691648673231356]}"
133,1707,0.0,"{""type"":""Point"",""coordinates"":[-122.06050984641134,37.691581618383886]}"
134,1708,13.449349403381348,"{""type"":""Point"",""coordinates"":[-122.04264868878116,37.693372344851426]}"
135,1709,15.006697654724121,"{""type"":""Point"",""coordinates"":[-122.04306470927878,37.693258034409254]}"
136,1710,13.449349403381348,"{""type"":""Point"",""coordinates"":[-122.04267444395202,37.693349692027375]}"
137,1711,14.25197982788086,"{""type"":""Point"",""coordinates"":[-122.04262439219377,37.69319817560043]}"
138,1712,15.754117012023926,"{""type"":""Point"",""coordinates"":[-122.04264866724412,37.69321317271607]}"
139,1713,5.098079204559326,"{""type"":""Point"",""coordinates"":[-122.05183900700935,37.69231859633438]}"
140,1714,19.27352523803711,"{""type"":""Point"",""coordinates"":[-122.09462242537765,37.782570772834795]}"
141,1715,2.3445448875427246,"{""type"":""Point"",""coordinates"":[-121.93472296785052,37.7444351365412]}"
142,1716,22.11376190185547,"{""type"":""Point"",""coordinates"":[-121.9891101268573,37.71083548473381]}"
143,1717,3.0168023109436035,"{""type"":""Point"",""coordinates"":[-121.93497172344998,37.74547388110442]}"
144,1718,12.377412796020508,"{""type"":""Point"",""coordinates"":[-121.87184001955583,37.89813039480021]}"
145,1719,1.1727502346038818,"{""type"":""Point"",""coordinates"":[-121.93536442010323,37.74346301478352]}"
146,1720,0.9274099469184875,"{""type"":""Point"",""coordinates"":[-121.9354160433894,37.74353721441799]}"
147,1721,15.132364273071289,"{""type"":""Point"",""coordinates"":[-121.99052654085982,37.70963076080893]}"
148,1722,13.791075706481934,"{""type"":""Point"",""coordinates"":[-121.8983550548331,37.85293789310742]}"
149,1723,1.1727677583694458,"{""type"":""Point"",""coordinates"":[-121.93739550894075,37.74459810422208]}"
150,1724,25.06284523010254,"{""type"":""Point"",""coordinates"":[-122.2967200998368,37.42416392412461]}"
151,1725,14.225205421447754,"{""type"":""Point"",""coordinates"":[-122.19354344167134,37.339880486726116]}"
152,1726,9.356353759765625,"{""type"":""Point"",""coordinates"":[-122.28878106549183,37.387822230738365]}"
153,1727,1.4907777309417725,"{""type"":""Point"",""coordinates"":[-122.24958588816287,37.40272868081022]}"
154,1728,2.334205150604248,"{""type"":""Point"",""coordinates"":[-122.20686207742028,37.41496522226802]}"
155,1729,2.334205150604248,"{""type"":""Point"",""coordinates"":[-122.20672468073208,37.41493256517568]}"
156,1730,2.334205150604248,"{""type"":""Point"",""coordinates"":[-122.20675251223486,37.41497310244553]}"
157,1731,24.042543411254883,"{""type"":""Point"",""coordinates"":[-122.02972873975344,38.328645624927084]}"
158,1732,1.180309534072876,"{""type"":""Point"",""coordinates"":[-122.11270811355955,38.215321137168246]}"
159,1733,11.665658950805664,"{""type"":""Point"",""coordinates"":[-122.16609242609351,38.14381985716265]}"
160,1734,5.813161373138428,"{""type"":""Point"",""coordinates"":[-122.38107164830285,38.15265563797722]}"
161,1735,5.813161373138428,"{""type"":""Point"",""coordinates"":[-122.38105480422469,38.15266995275709]}"
162,1736,2.356691837310791,"{""type"":""Point"",""coordinates"":[-122.4672978588846,38.124849493158464]}"
163,1737,2.1971609592437744,"{""type"":""Point"",""coordinates"":[-122.38088286178422,38.15698160070355]}"
164,1738,1.5001401901245117,"{""type"":""Point"",""coordinates"":[-122.31597488111862,38.15482839690492]}"
165,1739,2.1972451210021973,"{""type"":""Point"",""coordinates"":[-122.25355941102032,38.166517041828214]}"
166,1740,1.5007798671722412,"{""type"":""Point"",""coordinates"":[-122.14818579390788,38.20502709400151]}"
167,1741,1.5007834434509277,"{""type"":""Point"",""coordinates"":[-122.14798673441378,38.20519320283231]}"
168,1742,10.294657707214355,"{""type"":""Point"",""coordinates"":[-122.20144689973803,38.18750614958489]}"
169,1743,0.9274099469184875,"{""type"":""Point"",""coordinates"":[-122.14822057577736,38.205253186591364]}"
170,1744,3.656407594680786,"{""type"":""Point"",""coordinates"":[-122.1038543602474,38.22609430917545]}"
171,1745,3.0197348594665527,"{""type"":""Point"",""coordinates"":[-122.11232914093945,38.216239185470904]}"
172,1746,2.7802884578704834,"{""type"":""Point"",""coordinates"":[-122.12788572040726,38.207286092166264]}"
173,1747,0.0,"{""type"":""Point"",""coordinates"":[-122.2513521231598,38.08482972611051]}"
174,1748,0.9274099469184875,"{""type"":""Point"",""coordinates"":[-121.96078923073203,38.40188601314688]}"
175,1749,2.539904832839966,"{""type"":""Point"",""coordinates"":[-121.9726590989183,38.37933904459573]}"
176,1750,2.5392298698425293,"{""type"":""Point"",""coordinates"":[-121.98099713298815,38.356780261742436]}"
177,1751,0.0,"{""type"":""Point"",""coordinates"":[-121.98112998034391,38.35649737592772]}"
178,1752,3.002934455871582,"{""type"":""Point"",""coordinates"":[-122.02224203857814,38.33928077151265]}"
179,1753,3.8873729705810547,"{""type"":""Point"",""coordinates"":[-122.0962455576568,38.23649361595665]}"
180,1754,3.8873729705810547,"{""type"":""Point"",""coordinates"":[-122.0962542906392,38.23650100150743]}"
181,1755,4.389252662658691,"{""type"":""Point"",""coordinates"":[-122.09650010461993,38.236411481651324]}"
182,1756,3.8849804401397705,"{""type"":""Point"",""coordinates"":[-120.80337239342487,37.74089872807352]}"
183,1757,4.473248899661369,"{""type"":""Point"",""coordinates"":[-120.72444959460442,37.64727580269114]}"
184,1758,1.165696620941162,"{""type"":""Point"",""coordinates"":[-120.40675345102433,37.29322500921824]}"
185,1759,1.8543341159820557,"{""type"":""Point"",""coordinates"":[-120.4069009157856,37.293173198758396]}"
186,1760,4.773162364959717,"{""type"":""Point"",""coordinates"":[-120.8268707921296,37.772453917444146]}"
187,1761,1.4965788125991821,"{""type"":""Point"",""coordinates"":[-121.29599449279506,37.87238205162896]}"
188,1762,2.1951122283935547,"{""type"":""Point"",""coordinates"":[-121.24007935119374,37.9190740918873]}"
189,1763,3.704791833718337,"{""type"":""Point"",""coordinates"":[-121.01354263753055,38.01474288137724]}"
190,1764,1.484040379524231,"{""type"":""Point"",""coordinates"":[-119.9175710605516,36.841279701581335]}"
191,1765,0.0,"{""type"":""Point"",""coordinates"":[-119.90124127098287,36.24224854629989]}"
192,1766,0.9274099469184875,"{""type"":""Point"",""coordinates"":[-119.89199831665191,36.53682890632078]}"
193,1767,0.0,"{""type"":""Point"",""coordinates"":[-119.64069361991581,36.61139098189475]}"
194,1768,0.0,"{""type"":""Point"",""coordinates"":[-119.896970970955,36.68837131608149]}"
195,1769,1.1567225456237793,"{""type"":""Point"",""coordinates"":[-119.89615622735857,36.705426395917726]}"
196,1770,2.312502861022949,"{""type"":""Point"",""coordinates"":[-119.89004438720286,36.70544982954466]}"
197,1771,3.9290921688079834,"{""type"":""Point"",""coordinates"":[-119.88428665042099,36.705551961366055]}"
198,1772,7.377970218658447,"{""type"":""Point"",""coordinates"":[-119.82782849161016,36.79330074943427]}"
199,1773,0.9274099469184875,"{""type"":""Point"",""coordinates"":[-119.87224230931297,36.81755906848728]}"
200,1774,6.526436805725098,"{""type"":""Point"",""coordinates"":[-119.34797694930519,36.78748364441573]}"
201,1775,3.0114080905914307,"{""type"":""Point"",""coordinates"":[-119.91858547250155,36.842238220585614]}"
202,1776,0.9274099469184875,"{""type"":""Point"",""coordinates"":[-119.9173625312398,36.842020049164816]}"
203,1777,1.8543341159820557,"{""type"":""Point"",""coordinates"":[-119.91764677419103,36.842186812040126]}"
204,1778,6.061746597290039,"{""type"":""Point"",""coordinates"":[-119.920255473212,36.84334618279494]}"
205,1779,13.648222923278809,"{""type"":""Point"",""coordinates"":[-119.91880491534114,36.846864899948876]}"
206,1780,1.4841651916503906,"{""type"":""Point"",""coordinates"":[-119.91686680644744,36.852144978425436]}"
207,1781,0.9274099469184875,"{""type"":""Point"",""coordinates"":[-119.59339956347942,36.76379937691772]}"
208,1782,2.1860721111297607,"{""type"":""Point"",""coordinates"":[-119.64566503124752,36.82655711497326]}"
209,1783,15.191486358642578,"{""type"":""Point"",""coordinates"":[-119.58718261411356,36.9504462852936]}"
210,1784,4.7160444259643555,"{""type"":""Point"",""coordinates"":[-119.60113167325208,36.82660710914897]}"
211,1785,3.517009595060091,"{""type"":""Point"",""coordinates"":[-120.44618358117907,35.00797231968939]}"
212,1786,3.517009595060091,"{""type"":""Point"",""coordinates"":[-120.44616781888993,35.00792206628737]}"
213,1787,35.25489233951971,"{""type"":""Point"",""coordinates"":[-120.60579906809744,38.391159773085285]}"
214,1788,7.470588207244873,"{""type"":""Point"",""coordinates"":[-122.53151138626076,38.202839825094834]}"
215,1789,3.6427674293518066,"{""type"":""Point"",""coordinates"":[-122.51065119571389,38.145543256393594]}"
216,1790,3.6427674293518066,"{""type"":""Point"",""coordinates"":[-122.51056834710985,38.14552759631314]}"
217,1791,0.9274099368729609,"{""type"":""Point"",""coordinates"":[-122.5331390236226,38.109655082368455]}"
218,1792,13.726369857788086,"{""type"":""Point"",""coordinates"":[-122.58365955085354,38.443283095114126]}"
219,1793,1.5045579671859741,"{""type"":""Point"",""coordinates"":[-122.76136791809188,38.49927978285008]}"
220,1794,4.818962097167969,"{""type"":""Point"",""coordinates"":[-122.76040851756878,38.49951034267287]}"
221,1795,1.5045579671859741,"{""type"":""Point"",""coordinates"":[-122.76123432634984,38.49921219345457]}"
222,1796,1.8543341159820557,"{""type"":""Point"",""coordinates"":[-121.75843527024766,37.988176207006205]}"
223,1797,4.773251056671143,"{""type"":""Point"",""coordinates"":[-121.74780453053813,37.95853535393522]}"
224,1798,6.569206714630127,"{""type"":""Point"",""coordinates"":[-121.74788124728663,37.95851259605641]}"
225,1799,3.642979145050049,"{""type"":""Point"",""coordinates"":[-121.73800535799306,37.937942761598826]}"
226,1800,1.4971528053283691,"{""type"":""Point"",""coordinates"":[-121.70231065664005,37.91825941908717]}"
227,1801,3.642157554626465,"{""type"":""Point"",""coordinates"":[-121.72777128188937,37.92014993645391]}"
228,1802,3.642157554626465,"{""type"":""Point"",""coordinates"":[-121.72770923749852,37.92001962228838]}"
229,1803,3.01788067817688,"{""type"":""Point"",""coordinates"":[-121.72949126421446,37.92005989414415]}"
230,1804,1.497177243232727,"{""type"":""Point"",""coordinates"":[-121.72944042355252,37.920043447213146]}"
231,1805,2.9923057556152344,"{""type"":""Point"",""coordinates"":[-121.72940637508272,37.91988920048735]}"
232,1806,1.497177243232727,"{""type"":""Point"",""coordinates"":[-121.72937837916163,37.91991313285894]}"
233,1807,1.175507664680481,"{""type"":""Point"",""coordinates"":[-121.7280459851968,37.91706557967672]}"
234,1808,2.1951074600219727,"{""type"":""Point"",""coordinates"":[-121.67693120862583,37.91842351238158]}"
235,1809,2.1951074600219727,"{""type"":""Point"",""coordinates"":[-121.67713834608169,37.91842939559209]}"
236,1810,7.347940444946289,"{""type"":""Point"",""coordinates"":[-121.72551515794565,37.91176748317]}"
237,1811,7.347940444946289,"{""type"":""Point"",""coordinates"":[-121.72559397724649,37.91174373909435]}"
238,1812,7.469740867614746,"{""type"":""Point"",""coordinates"":[-121.69144870421434,37.860371661094185]}"
239,1813,7.008743762969971,"{""type"":""Point"",""coordinates"":[-121.65185605536763,37.81125444408638]}"
240,1814,15.829314231872559,"{""type"":""Point"",""coordinates"":[-121.65192032054765,37.81122251523593]}"
241,1815,4.381122589111328,"{""type"":""Point"",""coordinates"":[-121.6086902787962,37.76066685451288]}"
242,1816,8.592685849011792,"{""type"":""Point"",""coordinates"":[-120.12446994128108,36.14118307446775]}"
243,1817,4.942139637739731,"{""type"":""Point"",""coordinates"":[-120.12361489217226,36.14223290909245]}"
244,1818,1.47647338427738,"{""type"":""Point"",""coordinates"":[-120.00897801542932,36.18992064946705]}"
245,1819,7.067167488387965,"{""type"":""Point"",""coordinates"":[-120.46938351520683,35.74704997760185]}"
246,1820,3.0074113480554425,"{""type"":""Point"",""coordinates"":[-120.12622571539114,36.139725738151064]}"
247,1821,1.4982738494873047,"{""type"":""Point"",""coordinates"":[-121.78051038674491,38.00742653261738]}"
248,1822,13.791415214538574,"{""type"":""Point"",""coordinates"":[-122.07682756624826,37.856523271330715]}"
249,1823,2.7802884578704834,"{""type"":""Point"",""coordinates"":[-122.26691238255206,40.09085382619266]}"
250,1824,2.211927890777588,"{""type"":""Point"",""coordinates"":[-122.26543159367829,39.77977716309042]}"
251,1825,2.211927890777588,"{""type"":""Point"",""coordinates"":[-122.2653375915759,39.77977771332411]}"
252,1826,2.583984851837158,"{""type"":""Point"",""coordinates"":[-122.26533433238099,39.777735637094764]}"
253,1827,3.0298008918762207,"{""type"":""Point"",""coordinates"":[-122.26510753985121,39.73597872117302]}"
254,1828,2.5811867713928223,"{""type"":""Point"",""coordinates"":[-122.26494750935086,39.6919579701397]}"
255,1829,2.5811867713928223,"{""type"":""Point"",""coordinates"":[-122.26484568921005,39.691958036178434]}"
256,1830,1.5174925327301025,"{""type"":""Point"",""coordinates"":[-122.26362133394528,39.47168994818011]}"
257,1831,1.8543341159820557,"{""type"":""Point"",""coordinates"":[-122.26239981078311,39.25296910237383]}"
258,1832,2.567002058029175,"{""type"":""Point"",""coordinates"":[-122.2623720301683,39.25080782808326]}"
259,1833,2.567002058029175,"{""type"":""Point"",""coordinates"":[-122.26244770063832,39.25080749429913]}"
260,1834,2.39396071434021,"{""type"":""Point"",""coordinates"":[-122.26236278582034,39.248645870144266]}"
261,1835,0.9274099469184875,"{""type"":""Point"",""coordinates"":[-122.2198987540897,39.12576044662928]}"
262,1836,6.035020351409912,"{""type"":""Point"",""coordinates"":[-122.24757919055327,39.163936845505575]}"
263,1837,7.472649574279785,"{""type"":""Point"",""coordinates"":[-122.15088035945672,39.00537291105823]}"
264,1838,7.472649574279785,"{""type"":""Point"",""coordinates"":[-122.15095816400256,39.00534373352372]}"
265,1839,1.1927143335342407,"{""type"":""Point"",""coordinates"":[-122.12715938457134,38.96618534601192]}"
266,1840,14.074654579162598,"{""type"":""Point"",""coordinates"":[-122.10314464891191,38.92659306892547]}"
267,1841,14.074654579162598,"{""type"":""Point"",""coordinates"":[-122.10324505558289,38.926556333256784]}"
268,1842,6.015610694885254,"{""type"":""Point"",""coordinates"":[-122.05492558768482,38.846751828439594]}"
269,1843,1.8543341159820557,"{""type"":""Point"",""coordinates"":[-122.00597383949292,38.767369559891705]}"
270,1844,3.0232765674591064,"{""type"":""Point"",""coordinates"":[-122.00604663384064,38.7673339922303]}"
271,1845,3.0093464851379395,"{""type"":""Point"",""coordinates"":[-121.94209886631633,38.5880563915714]}"
272,1846,3.0322937965393066,"{""type"":""Point"",""coordinates"":[-122.26668495109561,40.09116576802252]}"
273,1847,2.211927890777588,"{""type"":""Point"",""coordinates"":[-122.26505954452438,39.77980359013478]}"
274,1848,2.211927890777588,"{""type"":""Point"",""coordinates"":[-122.26512024806203,39.77980312753569]}"
275,1849,2.7802884578704834,"{""type"":""Point"",""coordinates"":[-122.26489888939169,39.73598591540162]}"
276,1850,2.5811867713928223,"{""type"":""Point"",""coordinates"":[-122.26457025299672,39.6919611049159]}"
277,1851,2.5811867713928223,"{""type"":""Point"",""coordinates"":[-122.26461965277963,39.69196075652693]}"
278,1852,0.9274099469184875,"{""type"":""Point"",""coordinates"":[-122.26340902159802,39.47167970633096]}"
279,1853,2.2069568634033203,"{""type"":""Point"",""coordinates"":[-122.26208401080129,39.2508048117766]}"
280,1854,2.2069568634033203,"{""type"":""Point"",""coordinates"":[-122.26213921917484,39.250804733156095]}"
281,1855,0.0,"{""type"":""Point"",""coordinates"":[-122.2600481070608,39.2065148709447]}"
282,1856,4.405791759490967,"{""type"":""Point"",""coordinates"":[-122.24724339692182,39.16405344327043]}"
283,1857,4.405791759490967,"{""type"":""Point"",""coordinates"":[-122.24729676430499,39.164033640836756]}"
284,1858,1.5117396116256714,"{""type"":""Point"",""coordinates"":[-122.17509864422007,39.04547299429652]}"
285,1859,15.595463752746582,"{""type"":""Point"",""coordinates"":[-122.10282251064457,38.92656605552116]}"
286,1860,15.595463752746582,"{""type"":""Point"",""coordinates"":[-122.10288003642793,38.926545154142616]}"
287,1861,3.8904237747192383,"{""type"":""Point"",""coordinates"":[-122.05473076573392,38.84680868907699]}"
288,1862,3.0232784748077393,"{""type"":""Point"",""coordinates"":[-122.00573745104978,38.767472146192645]}"
289,1863,1.8543341159820557,"{""type"":""Point"",""coordinates"":[-122.00577732581782,38.767452553959316]}"
290,1864,3.0093464851379395,"{""type"":""Point"",""coordinates"":[-121.94189356658453,38.588064441070095]}"
291,1865,16.880910873413086,"{""type"":""Point"",""coordinates"":[-119.3285686649268,36.82708091142547]}"
292,1866,19.080591201782227,"{""type"":""Point"",""coordinates"":[-122.21338293671647,37.951874552200835]}"
293,1867,2.3539836406707764,"{""type"":""Point"",""coordinates"":[-122.24528701106324,38.04045357146479]}"
294,1868,1.1972755193710327,"{""type"":""Point"",""coordinates"":[-121.4911191442353,39.235153922800556]}"
295,1869,27.978708267211914,"{""type"":""Point"",""coordinates"":[-121.45949914257704,39.739540695388165]}"
296,1870,44.76570039241088,"{""type"":""Point"",""coordinates"":[-121.3764143331059,39.87170863546979]}"
297,1871,3.969741106033325,"{""type"":""Point"",""coordinates"":[-121.5539516742506,37.7044983509115]}"
298,1873,28.104164123535156,"{""type"":""Point"",""coordinates"":[-120.87260156026836,38.86324308776588]}"
299,1874,18.297859129927097,"{""type"":""Point"",""coordinates"":[-119.08758735200396,36.992204492347675]}"
300,1875,11.800948143005371,"{""type"":""Point"",""coordinates"":[-122.05853493603938,38.3464518064277]}"
301,1876,10.511448860168457,"{""type"":""Point"",""coordinates"":[-122.2003017893584,38.26112478608646]}"
302,1877,10.511448860168457,"{""type"":""Point"",""coordinates"":[-122.20034219426594,38.26118044275548]}"
303,1878,19.781667709350586,"{""type"":""Point"",""coordinates"":[-122.23123118522444,38.2527863990509]}"
304,1879,15.656951904296875,"{""type"":""Point"",""coordinates"":[-122.53840753038247,38.251463001515035]}"
305,1880,1.5013716220855713,"{""type"":""Point"",""coordinates"":[-122.4927448506786,38.251267126167875]}"
306,1881,1.5013716220855713,"{""type"":""Point"",""coordinates"":[-122.49274856014081,38.25120325745016]}"
307,1882,0.9274099469184875,"{""type"":""Point"",""coordinates"":[-122.4556521540793,38.248882613624524]}"
308,1883,4.713463306427002,"{""type"":""Point"",""coordinates"":[-122.34357365700268,38.24938010126773]}"
309,1884,2.5359416007995605,"{""type"":""Point"",""coordinates"":[-122.4182511505182,38.248285515647986]}"
310,1885,2.5359416007995605,"{""type"":""Point"",""coordinates"":[-122.4182528281497,38.248338441873535]}"
311,1886,2.535949945449829,"{""type"":""Point"",""coordinates"":[-122.26717320380703,38.24865118752302]}"
312,1887,1.8543341159820557,"{""type"":""Point"",""coordinates"":[-122.2641681705612,38.24879710111049]}"
313,1888,6.49973726272583,"{""type"":""Point"",""coordinates"":[-122.27086172139127,38.24813213025511]}"
314,1889,18.888200759887695,"{""type"":""Point"",""coordinates"":[-122.05280940175783,38.339671757721945]}"
315,1890,16.34311294555664,"{""type"":""Point"",""coordinates"":[-122.00560066415363,38.40194198985253]}"
316,1891,13.421334266662598,"{""type"":""Point"",""coordinates"":[-121.52853989637906,39.572245680831145]}"
317,1892,1.8543341159820557,"{""type"":""Point"",""coordinates"":[-121.5399587945971,39.491696644159816]}"
318,1893,1.8543341159820557,"{""type"":""Point"",""coordinates"":[-121.53994407069264,39.49168938367461]}"
319,1894,2.2090704441070557,"{""type"":""Point"",""coordinates"":[-121.540048179232,39.477790748363574]}"
320,1895,1.5177620649337769,"{""type"":""Point"",""coordinates"":[-121.54032749013916,39.49156074513829]}"
321,1896,6.600601673126221,"{""type"":""Point"",""coordinates"":[-121.53080562893034,39.45853576516982]}"
322,1897,12.180970191955566,"{""type"":""Point"",""coordinates"":[-121.49123345255842,39.677373852838606]}"
323,1898,8.778851509094238,"{""type"":""Point"",""coordinates"":[-121.49172050255406,39.67715968451469]}"
324,1899,3.0292201042175293,"{""type"":""Point"",""coordinates"":[-121.50744589389832,39.65187520965519]}"
325,1900,28.27118682861328,"{""type"":""Point"",""coordinates"":[-121.5010948324576,39.66529464730968]}"
326,1901,15.113682746887207,"{""type"":""Point"",""coordinates"":[-121.5283080169145,39.57228681682542]}"
327,1902,2.5747153759002686,"{""type"":""Point"",""coordinates"":[-121.54021766346202,39.49187323228134]}"
328,1903,1.8543341159820557,"{""type"":""Point"",""coordinates"":[-121.53975731460612,39.49181070400569]}"
329,1904,1.5177658796310425,"{""type"":""Point"",""coordinates"":[-121.53974261531825,39.49182037382625]}"
330,1905,2.5742595195770264,"{""type"":""Point"",""coordinates"":[-121.53986480008614,39.47781045290883]}"
331,1906,6.025930881500244,"{""type"":""Point"",""coordinates"":[-121.05853159500349,39.11134881709705]}"
332,1907,1.511717438697815,"{""type"":""Point"",""coordinates"":[-121.24535863208716,39.04376950357281]}"
333,1908,0.9274099469184875,"{""type"":""Point"",""coordinates"":[-120.98192717393142,39.15098561034296]}"
334,1909,5.119551181793213,"{""type"":""Point"",""coordinates"":[-121.02896897338806,39.184469260271335]}"
335,1910,11.949379920959473,"{""type"":""Point"",""coordinates"":[-120.86107004101248,39.21084006876014]}"
336,1911,0.0,"{""type"":""Point"",""coordinates"":[-120.92537017559326,39.15570823332826]}"
337,1912,5.673479080200195,"{""type"":""Point"",""coordinates"":[-120.91801237779148,39.17249398419501]}"
338,1913,31.340749740600586,"{""type"":""Point"",""coordinates"":[-120.86007386858864,39.18818173934983]}"
339,1914,7.378685474395752,"{""type"":""Point"",""coordinates"":[-120.794060531056,39.229828163317606]}"
340,1915,15.554235458374023,"{""type"":""Point"",""coordinates"":[-120.89594970793455,39.188032814178065]}"
341,1916,28.186786651611328,"{""type"":""Point"",""coordinates"":[-120.83675007375562,39.218738429222505]}"
342,1917,7.380202293395996,"{""type"":""Point"",""coordinates"":[-120.80783736782007,39.245188095289464]}"
343,1918,1.5075656175613403,"{""type"":""Point"",""coordinates"":[-121.47545278263809,38.72986568175643]}"
344,1919,0.0,"{""type"":""Point"",""coordinates"":[-121.47784546752818,38.748812575676055]}"
345,1920,2.3833134174346924,"{""type"":""Point"",""coordinates"":[-121.47317066611298,38.93386482289412]}"
346,1921,0.9274099469184875,"{""type"":""Point"",""coordinates"":[-121.47322510070637,38.934004371186816]}"
347,1922,2.5570340156555176,"{""type"":""Point"",""coordinates"":[-121.46941835856832,38.93455978188917]}"
348,1923,1.506616885188256,"{""type"":""Point"",""coordinates"":[-121.13830737032134,38.65734162375311]}"
349,1924,1.506616885188256,"{""type"":""Point"",""coordinates"":[-121.13829849421485,38.65740420982705]}"
350,1925,9.269111633300781,"{""type"":""Point"",""coordinates"":[-120.7755022238797,38.74276086717762]}"
351,1926,11.928020477294922,"{""type"":""Point"",""coordinates"":[-120.78326845582767,38.73065062032247]}"
352,1927,11.92801284790039,"{""type"":""Point"",""coordinates"":[-120.78294319068553,38.7305391596462]}"
353,1928,11.92801284790039,"{""type"":""Point"",""coordinates"":[-120.78293412611181,38.73054472719716]}"
354,1929,0.9274099469184875,"{""type"":""Point"",""coordinates"":[-120.95615422718159,38.669948344005356]}"
355,1930,9.519020080566406,"{""type"":""Point"",""coordinates"":[-120.77418362592985,38.74436752876124]}"
356,1931,26.469444274902344,"{""type"":""Point"",""coordinates"":[-120.68728882868338,38.76656939156339]}"
357,1932,14.30106258392334,"{""type"":""Point"",""coordinates"":[-120.76816499954222,38.7575289591664]}"
358,1933,4.475064277648926,"{""type"":""Point"",""coordinates"":[-121.35570452164856,37.69624071729473]}"
359,1934,7.057949066162109,"{""type"":""Point"",""coordinates"":[-121.4113239441585,37.69611361836829]}"
360,1935,2.1933477263965964,"{""type"":""Point"",""coordinates"":[-121.31119923961766,37.71126425043213]}"
361,1936,0.9274099469184875,"{""type"":""Point"",""coordinates"":[-121.37473782288849,37.72063077724742]}"
362,1937,14.372066497802734,"{""type"":""Point"",""coordinates"":[-121.57360140237995,37.70097209878558]}"
363,1938,16.977018356323242,"{""type"":""Point"",""coordinates"":[-121.57839923633378,37.68672472452749]}"
364,1939,13.892842292785645,"{""type"":""Point"",""coordinates"":[-121.80290156708074,37.61061617365261]}"
365,1940,11.756243705749512,"{""type"":""Point"",""coordinates"":[-121.54027278680127,37.67042808981385]}"
366,1941,14.136253356933594,"{""type"":""Point"",""coordinates"":[-121.53266893443703,37.65833145423877]}"
367,1942,12.381585121154785,"{""type"":""Point"",""coordinates"":[-121.50159564003813,37.67691867824775]}"
368,1943,8.927678108215332,"{""type"":""Point"",""coordinates"":[-121.46307484513106,37.653685190999695]}"
369,1944,18.629688262939453,"{""type"":""Point"",""coordinates"":[-121.46312285282443,37.65363636603784]}"
370,1945,8.193961143493652,"{""type"":""Point"",""coordinates"":[-121.42680521740698,37.631512382367724]}"
371,1946,27.625986099243164,"{""type"":""Point"",""coordinates"":[-121.38980660156155,37.609778350346346]}"
372,1947,27.625986099243164,"{""type"":""Point"",""coordinates"":[-121.38985270357733,37.60972748217933]}"
373,1948,13.428483009338379,"{""type"":""Point"",""coordinates"":[-121.3056609506967,37.55803288692598]}"
374,1949,33.40268325805664,"{""type"":""Point"",""coordinates"":[-121.22810163109918,37.500310492425115]}"
375,1950,18.38344383239746,"{""type"":""Point"",""coordinates"":[-121.22814575452863,37.50027671502632]}"
376,1951,4.6273674964904785,"{""type"":""Point"",""coordinates"":[-121.20235691672272,37.463179111190215]}"
377,1952,27.40265464782715,"{""type"":""Point"",""coordinates"":[-121.18119909528323,37.423309212187014]}"
378,1953,27.40265464782715,"{""type"":""Point"",""coordinates"":[-121.18125528423253,37.42329139735775]}"
379,1954,7.730465888977051,"{""type"":""Point"",""coordinates"":[-121.13458096880758,37.29815805903092]}"
380,1955,21.202821731567383,"{""type"":""Point"",""coordinates"":[-121.09223101772392,37.17221784482541]}"
381,1956,21.202821731567383,"{""type"":""Point"",""coordinates"":[-121.09234121349849,37.172197529365604]}"
382,1957,4.995673179626465,"{""type"":""Point"",""coordinates"":[-121.05469959871472,37.11100996136144]}"
383,1958,5.8639221176116285,"{""type"":""Point"",""coordinates"":[-121.01708913051182,37.055045523781025]}"
384,1959,7.393296706360873,"{""type"":""Point"",""coordinates"":[-121.01699705550588,37.05538342520594]}"
385,1960,9.827536582946777,"{""type"":""Point"",""coordinates"":[-122.23408465683805,38.04387171908122]}"
386,1961,10.807259559631348,"{""type"":""Point"",""coordinates"":[-122.28912023436035,37.99743053597157]}"
387,1962,9.264953303909751,"{""type"":""Point"",""coordinates"":[-121.44536183820347,36.58681920403392]}"
388,1963,3.010565996170044,"{""type"":""Point"",""coordinates"":[-121.62434126772882,36.69648806641498]}"
389,1964,0.9274099469184875,"{""type"":""Point"",""coordinates"":[-121.60479080107784,36.71990080474226]}"
390,1965,0.9274099469184875,"{""type"":""Point"",""coordinates"":[-121.60477822623616,36.719980274102696]}"
391,1966,1.4834860563278198,"{""type"":""Point"",""coordinates"":[-121.59137907599359,36.794376919348984]}"
392,1967,6.982550621032715,"{""type"":""Point"",""coordinates"":[-121.4869989936118,36.86529421961749]}"
393,1968,10.701851844787598,"{""type"":""Point"",""coordinates"":[-121.40464622377844,36.98235456041607]}"
394,1969,12.706010818481445,"{""type"":""Point"",""coordinates"":[-121.20373209539635,37.058368555096536]}"
395,1970,6.539936542510986,"{""type"":""Point"",""coordinates"":[-121.14041656134552,37.11817466543402]}"
396,1971,1.4859471321105957,"{""type"":""Point"",""coordinates"":[-121.58163491531053,37.00194296160358]}"
397,1972,2.7802885155642585,"{""type"":""Point"",""coordinates"":[-121.13548401853657,38.669704507542804]}"
398,1973,3.883838653564453,"{""type"":""Point"",""coordinates"":[-121.98610149784777,37.49885150053678]}"
399,1974,4.467802047729492,"{""type"":""Point"",""coordinates"":[-121.98599924358393,37.49880386420542]}"
400,1975,2.5092697143554688,"{""type"":""Point"",""coordinates"":[-122.06747708093633,37.34411610517798]}"
401,1976,2.3331596851348877,"{""type"":""Point"",""coordinates"":[-122.02481207534417,37.38133469821761]}"
402,1977,2.5124406814575195,"{""type"":""Point"",""coordinates"":[-121.9657938290032,37.45388527105461]}"
403,1978,3.627793073654175,"{""type"":""Point"",""coordinates"":[-121.97076918900083,37.41134504037346]}"
404,1979,3.883838653564453,"{""type"":""Point"",""coordinates"":[-121.98627265447566,37.498734703980006]}"
405,1980,3.6295664310455322,"{""type"":""Point"",""coordinates"":[-121.98809710716543,37.499652608372394]}"
406,1981,1.4919661283493042,"{""type"":""Point"",""coordinates"":[-121.98612386131437,37.49958770399343]}"
407,1982,1.4919661283493042,"{""type"":""Point"",""coordinates"":[-121.986285034457,37.49967540647017]}"
408,1983,2.9790260791778564,"{""type"":""Point"",""coordinates"":[-122.02501492306284,37.38140833759692]}"
409,1984,2.510223150253296,"{""type"":""Point"",""coordinates"":[-122.06900348891496,37.37734044471569]}"
410,1985,13.648222923278809,"{""type"":""Point"",""coordinates"":[-122.26636560118949,37.95573519783599]}"
411,1986,6.574546813964844,"{""type"":""Point"",""coordinates"":[-122.66763867970629,38.49305868192521]}"
412,1987,10.364218697884873,"{""type"":""Point"",""coordinates"":[-122.81275664890804,39.11197356693383]}"
413,1991,1.4944758415222168,"{""type"":""Point"",""coordinates"":[-121.44450497897135,37.70335724122177]}"
414,1992,3.5130529403686523,"{""type"":""Point"",""coordinates"":[-121.5951332641753,37.71669158337231]}"
415,1993,3.0166049003601074,"{""type"":""Point"",""coordinates"":[-121.59108662728339,37.7129725546069]}"
416,1994,5.098700046539307,"{""type"":""Point"",""coordinates"":[-121.58601923086728,37.71134688271225]}"
417,1995,3.0121454016989526,"{""type"":""Point"",""coordinates"":[-121.74630257394462,36.968676668876405]}"
418,1996,3.4180859927542424,"{""type"":""Point"",""coordinates"":[-119.19407247820207,35.60206467154944]}"
419,1997,3.4180859927542424,"{""type"":""Point"",""coordinates"":[-119.1940733940345,35.602064488218524]}"
420,1998,0.0,"{""type"":""Point"",""coordinates"":[-124.08945146913948,41.23174361619279]}"
421,1999,13.769289625543914,"{""type"":""Point"",""coordinates"":[-124.12442811500983,41.113175932144934]}"
422,2000,1.5392357110977173,"{""type"":""Point"",""coordinates"":[-124.0592103671716,40.99695768965742]}"
423,2001,23.608686447143555,"{""type"":""Point"",""coordinates"":[-123.95560269194108,40.761939290570915]}"
424,2002,17.382646183186928,"{""type"":""Point"",""coordinates"":[-122.58139978236716,40.593818766148395]}"
425,2003,22.18914222717285,"{""type"":""Point"",""coordinates"":[-123.65176639998288,41.003194198883456]}"
426,2004,13.375434875488281,"{""type"":""Point"",""coordinates"":[-123.74597983344371,40.89545998967513]}"
427,2005,30.232356043753683,"{""type"":""Point"",""coordinates"":[-123.9311896713909,40.49059035539576]}"
428,2006,14.56668758392334,"{""type"":""Point"",""coordinates"":[-123.74757330139555,40.191617953427645]}"
429,2007,16.285914920837257,"{""type"":""Point"",""coordinates"":[-123.75230201491874,40.37510443893425]}"
430,2008,20.882718615987518,"{""type"":""Point"",""coordinates"":[-123.6044594132819,39.929068382679624]}"
431,2009,22.056350708007812,"{""type"":""Point"",""coordinates"":[-123.4042367748056,39.54138557892079]}"
432,2010,18.800064086914062,"{""type"":""Point"",""coordinates"":[-123.34737688823469,39.72439542447981]}"
433,2011,24.96135711669922,"{""type"":""Point"",""coordinates"":[-123.64715234943465,40.21842061842049]}"
434,2012,4.114768028259277,"{""type"":""Point"",""coordinates"":[-124.00531183576858,40.89341957891917]}"
435,2013,10.718955039978027,"{""type"":""Point"",""coordinates"":[-124.0550947044005,40.8769163891765]}"
436,2014,1.2254507541656494,"{""type"":""Point"",""coordinates"":[-124.08656213314839,40.822245681185954]}"
437,2015,11.141429901123047,"{""type"":""Point"",""coordinates"":[-124.05910047817942,40.89800901842756]}"
438,2016,4.60304594039917,"{""type"":""Point"",""coordinates"":[-124.15131241114636,40.86549082569538]}"
439,2017,5.225620746612549,"{""type"":""Point"",""coordinates"":[-124.19926752483309,40.79905670952005]}"
440,2018,1.5360701084136963,"{""type"":""Point"",""coordinates"":[-124.16098721324293,40.782787508951756]}"
441,2019,11.668322563171387,"{""type"":""Point"",""coordinates"":[-124.18347761780927,40.76193758893666]}"
442,2020,6.577918529510498,"{""type"":""Point"",""coordinates"":[-124.12198083216235,40.78124017429747]}"
443,2021,10.242268562316895,"{""type"":""Point"",""coordinates"":[-124.14009575395741,40.774484700004415]}"
444,2022,13.769637107849121,"{""type"":""Point"",""coordinates"":[-124.18341125529696,40.67180093723821]}"
445,2023,13.698782920837402,"{""type"":""Point"",""coordinates"":[-124.20081641127473,40.61681271079517]}"
446,2024,2.7802884578704834,"{""type"":""Point"",""coordinates"":[-124.10700600350903,40.57339742705865]}"
447,2025,13.2704439163208,"{""type"":""Point"",""coordinates"":[-124.10219507051154,40.52301044852749]}"
448,2026,6.057504177093506,"{""type"":""Point"",""coordinates"":[-124.07506878684868,40.77346318137428]}"
449,2027,5.614714055409464,"{""type"":""Point"",""coordinates"":[-123.77004181441878,40.753949889756214]}"
450,2028,22.742096631821386,"{""type"":""Point"",""coordinates"":[-123.36938258039582,40.70906543847999]}"
451,2029,4.78397274017334,"{""type"":""Point"",""coordinates"":[-124.10107093607894,40.487904127013884]}"
452,2030,24.45465660095215,"{""type"":""Point"",""coordinates"":[-123.575213134779,40.078950601254206]}"
453,2031,0.9274099469184875,"{""type"":""Point"",""coordinates"":[-121.95159218563258,40.72365983051491]}"
454,2032,13.098974227905273,"{""type"":""Point"",""coordinates"":[-121.98618849058116,40.69343052453488]}"
455,2033,13.856243133544922,"{""type"":""Point"",""coordinates"":[-121.88997943288096,40.65160857655407]}"
456,2034,0.9274099469184875,"{""type"":""Point"",""coordinates"":[-121.96916175162829,40.60148489121664]}"
457,2035,3.8996872901916504,"{""type"":""Point"",""coordinates"":[-122.29310627866778,40.56909920130241]}"
458,2036,8.840764999389648,"{""type"":""Point"",""coordinates"":[-122.13422842870935,40.56399995730046]}"
459,2037,0.9274099469184875,"{""type"":""Point"",""coordinates"":[-122.05294226474766,40.50675449419854]}"
460,2038,20.11969757080078,"{""type"":""Point"",""coordinates"":[-121.59332287419362,40.93489850070477]}"
461,2039,7.384380340576172,"{""type"":""Point"",""coordinates"":[-121.54958331492084,40.94417615936942]}"
462,2040,3.034854962803123,"{""type"":""Point"",""coordinates"":[-121.02906636487293,40.44809304124981]}"
463,2041,8.215425491333008,"{""type"":""Point"",""coordinates"":[-122.31651260316639,40.738887765310615]}"
464,2042,16.642568588256836,"{""type"":""Point"",""coordinates"":[-122.32324450752496,40.69813340844747]}"
465,2043,1.5339362621307373,"{""type"":""Point"",""coordinates"":[-122.33067552970451,40.63678838712439]}"
466,2044,3.7781107425689697,"{""type"":""Point"",""coordinates"":[-122.34341446902819,40.663447286847926]}"
467,2045,5.215238571166992,"{""type"":""Point"",""coordinates"":[-122.40324679466063,40.64712718969097]}"
468,2046,8.163079873917608,"{""type"":""Point"",""coordinates"":[-122.5581571668821,40.64053329374198]}"
469,2047,3.704791784286499,"{""type"":""Point"",""coordinates"":[-122.28634096568537,40.582958093089914]}"
470,2048,0.0,"{""type"":""Point"",""coordinates"":[-122.32984867396975,40.58156184188305]}"
471,2049,3.704791784286499,"{""type"":""Point"",""coordinates"":[-122.35703969428732,40.58928064884123]}"
472,2050,0.9274099469184875,"{""type"":""Point"",""coordinates"":[-122.19541359331662,40.40891205053555]}"
473,2051,0.0,"{""type"":""Point"",""coordinates"":[-122.04206440306733,40.403890408638624]}"
474,2052,5.594293939338504,"{""type"":""Point"",""coordinates"":[-121.87191631487916,40.429636775546456]}"
475,2053,6.695377349853516,"{""type"":""Point"",""coordinates"":[-121.92137066999602,40.40021621487114]}"
476,2054,10.029233932495117,"{""type"":""Point"",""coordinates"":[-121.87766679193075,40.4005926296977]}"
477,2055,6.052324295043945,"{""type"":""Point"",""coordinates"":[-122.26644585167541,40.41666859046772]}"
478,2056,1.5311979055404663,"{""type"":""Point"",""coordinates"":[-122.30348785306802,40.4482949756739]}"
479,2057,3.0604116916656494,"{""type"":""Point"",""coordinates"":[-122.31685601074275,40.45503009715027]}"
480,2058,0.9274099469184875,"{""type"":""Point"",""coordinates"":[-122.35654166380108,40.487418852472345]}"
481,2059,13.171600341796875,"{""type"":""Point"",""coordinates"":[-122.26231240189632,40.2964509983215]}"
482,2060,1.5256226062774658,"{""type"":""Point"",""coordinates"":[-122.22974655757713,40.057152622650975]}"
483,2061,1.5257833003997803,"{""type"":""Point"",""coordinates"":[-122.19314640898733,40.06876656448774]}"
484,2062,1.2113471031188965,"{""type"":""Point"",""coordinates"":[-122.12987647457163,40.043754917955184]}"
485,2063,7.3788604736328125,"{""type"":""Point"",""coordinates"":[-122.07040958736808,39.999818152889965]}"
486,2064,0.0,"{""type"":""Point"",""coordinates"":[-122.10151169031755,39.8956542902799]}"
487,2065,1.2121472358703613,"{""type"":""Point"",""coordinates"":[-122.09173608714418,40.08860132221535]}"
488,2066,6.328207492828369,"{""type"":""Point"",""coordinates"":[-122.12824788637998,40.26320108792472]}"
489,2067,12.003276824951172,"{""type"":""Point"",""coordinates"":[-122.20265865339672,40.21945816692767]}"
490,2068,1.526816964149475,"{""type"":""Point"",""coordinates"":[-122.21081580226718,40.14162487741711]}"
491,2069,5.1831560134887695,"{""type"":""Point"",""coordinates"":[-122.20426120122453,40.14218961825469]}"
492,2070,1.2131972312927246,"{""type"":""Point"",""coordinates"":[-122.2129670111219,40.14738312731152]}"
493,2071,1.854334168853263,"{""type"":""Point"",""coordinates"":[-121.00979653792118,40.29814139834055]}"
494,2072,6.0940656661987305,"{""type"":""Point"",""coordinates"":[-121.05200185817819,40.28982747883847]}"
495,2073,3.704791784286499,"{""type"":""Point"",""coordinates"":[-121.13409918401074,40.30477147628221]}"
496,2074,31.281452178955078,"{""type"":""Point"",""coordinates"":[-123.56419998611666,39.381458944419876]}"
497,2075,3.0180411338806152,"{""type"":""Point"",""coordinates"":[-121.76038007280403,37.94600257077396]}"
498,2076,6.598170757293701,"{""type"":""Point"",""coordinates"":[-123.79994289770971,39.370679322501864]}"
499,2077,2.17245717536477,"{""type"":""Point"",""coordinates"":[-119.57906841396112,35.0360531777266]}"
